Figure 1. Global Atmospheric Concentrations of Carbon Dioxide Over Time,,,,,,,,
Source: EPA's Climate Change Indicators in the United States: www.epa.gov/climate-indicators,,,,,,,,
Data source: Compilation of 8 underlying datasets,,,,,,,,
Web update: June 2024,,,,,,,,
Units: parts per million (ppm) of CO2,,,,,,,,
,,,,,,,,
Year,Antarctic Ice Cores,Mauna Loa,Barrow,Cape Matatula,South Pole,Cape Grim,Lampedusa,Shetland
Ice core measurements,,,,,,,,
-803718.8684,207.2854401,,,,,,,
-803182.4423,202.2268391,,,,,,,
-802572.6746,204.861938,,,,,,,
-802059.8706,207.4986455,,,,,,,
-801975.2844,202.9217232,,,,,,,
-801759.2524,202.6471059,,,,,,,
-800922.0874,198.6572142,,,,,,,
-799286.0591,198.6836109,,,,,,,
-796731.2979,200.4894559,,,,,,,
-795428.8182,197.9087863,,,,,,,
-794902.5909,198.7924036,,,,,,,
-793737.3182,204.6175064,,,,,,,
-793172.4545,208.7893628,,,,,,,
-791902.7583,218.3926417,,,,,,,
-791569.3889,213.3577596,,,,,,,
-790667.3012,214.4503514,,,,,,,
-790080.7836,224.6857623,,,,,,,
-789106.8827,230.5501347,,,,,,,
-788689.4052,227.3777503,,,,,,,
-788003.0091,235.4857431,,,,,,,
-787544.0409,238.6409536,,,,,,,
-786741.8715,257.0184549,,,,,,,
-786529.24,257.1989367,,,,,,,
-785853.5691,265.9973287,,,,,,,
-785405.5127,269.3559593,,,,,,,
-784613.257,264.3450291,,,,,,,
-784239.6018,262.2298083,,,,,,,
-783569.0509,259.6646238,,,,,,,
-783084.0824,255.8455403,,,,,,,
-782311.7559,260.9181501,,,,,,,
-781248.5297,255.0181764,,,,,,,
-780778.4497,257.4363037,,,,,,,
-779936.6818,251.50919,,,,,,,
-779612.8318,257.2103392,,,,,,,
-778769.4364,252.5212569,,,,,,,
-778238.9227,254.4321063,,,,,,,
-777417.5455,254.6895621,,,,,,,
-777107.9836,254.9270444,,,,,,,
-776282.7918,252.4555389,,,,,,,
-775731.7497,247.3032103,,,,,,,
-774832.697,248.9234726,,,,,,,
-774382.2588,245.3180553,,,,,,,
-773588.0111,241.7410825,,,,,,,
-773008.8082,238.3850776,,,,,,,
-772094.1364,239.2312024,,,,,,,
-771734.4691,237.7794476,,,,,,,
-771299.8182,246.0305818,,,,,,,
-771045.6364,243.854752,,,,,,,
-770787.9595,246.494568,,,,,,,
-770524.5636,243.8852524,,,,,,,
-770225.2645,239.7120056,,,,,,,
-769862.6667,234.2405482,,,,,,,
-769569.3333,236.3189003,,,,,,,
-769070.6667,229.5642363,,,,,,,
-768649.1467,230.6269034,,,,,,,
-767701.4236,225.8663567,,,,,,,
-767111.3844,221.6409365,,,,,,,
-766167.2576,223.8179649,,,,,,,
-765797.1624,224.864666,,,,,,,
-764858.9121,230.6229188,,,,,,,
-764238.5045,232.1154555,,,,,,,
-763901.4848,229.4074875,,,,,,,
-763636.6364,233.6609057,,,,,,,
-763231.8166,222.9260864,,,,,,,
-762726.8824,223.8929502,,,,,,,
-761820.5842,219.9481577,,,,,,,
-761151.8036,213.9998029,,,,,,,
-760216.043,214.694008,,,,,,,
-759914.4882,216.6408086,,,,,,,
-758989.9418,222.7085789,,,,,,,
-758566.0552,225.6158254,,,,,,,
-758158.2727,225.3736676,,,,,,,
-757928.2121,223.0236555,,,,,,,
-757611.8788,226.9430115,,,,,,,
-757185.6915,222.7200859,,,,,,,
-756412.4158,218.3519527,,,,,,,
-755835.4509,213.6113901,,,,,,,
-754900.6803,209.4450797,,,,,,,
-754616.1685,208.1036711,,,,,,,
-753636.8285,203.2996955,,,,,,,
-753164.5776,199.0460536,,,,,,,
-751984.6545,203.9027966,,,,,,,
-751539.0691,195.4338892,,,,,,,
-750615.8818,197.495726,,,,,,,
-750023.8682,193.5471714,,,,,,,
-749086.25,191.2960363,,,,,,,
-748756.4409,192.0759224,,,,,,,
-747864.1787,190.1748369,,,,,,,
-747312.9345,188.6788749,,,,,,,
-746386.8809,187.5437569,,,,,,,
-745990.1958,187.9522843,,,,,,,
-745227.0376,187.9198816,,,,,,,
-744669.9261,190.2415493,,,,,,,
-743721.0455,187.2923244,,,,,,,
-742573.1418,188.9688197,,,,,,,
-742009.0764,188.1795998,,,,,,,
-741112.1697,187.3271928,,,,,,,
-740694.7491,188.646642,,,,,,,
-739924.1339,189.1426275,,,,,,,
-739379.9024,184.7670847,,,,,,,
-738510.9242,183.3925392,,,,,,,
-738156.4525,185.4023665,,,,,,,
-737224.5555,185.6096601,,,,,,,
-736630.9945,191.7441063,,,,,,,
-735710.1155,204.5191039,,,,,,,
-735319.8194,206.9201812,,,,,,,
-734572.2182,213.1440204,,,,,,,
-734157.3055,217.194473,,,,,,,
-733459.9091,217.8828377,,,,,,,
-733184.5709,214.6624205,,,,,,,
-732512.62,216.1485999,,,,,,,
-732072.23,210.6017427,,,,,,,
-731379,207.720752,,,,,,,
-731043.5,208.1143039,,,,,,,
-730371.75,213.7318788,,,,,,,
-729911,211.6232109,,,,,,,
-729234.2273,210.7023731,,,,,,,
-728958.3136,210.1635175,,,,,,,
-728310.3145,212.1716466,,,,,,,
-727886.9385,210.0149975,,,,,,,
-727037.5303,211.0778131,,,,,,,
-726643.9021,210.2419749,,,,,,,
-725948.5024,210.0675098,,,,,,,
-724626.8636,211.4265693,,,,,,,
-724299.5918,211.0759956,,,,,,,
-723524.4314,211.4919763,,,,,,,
-723025.3555,210.4806822,,,,,,,
-722192,214.0125928,,,,,,,
-721830.2267,212.5454089,,,,,,,
-721044.5945,212.1080718,,,,,,,
-720555.8105,216.0967701,,,,,,,
-719739.8636,218.9569448,,,,,,,
-719457.5168,219.2003557,,,,,,,
-718640.7595,217.0426911,,,,,,,
-718137.2855,212.0305186,,,,,,,
-717337.1818,200.8234845,,,,,,,
-716828.3485,193.460903,,,,,,,
-716005.4848,189.8784338,,,,,,,
-715398.2727,198.4255957,,,,,,,
-714635.9091,210.5098875,,,,,,,
-714360.163,213.5999929,,,,,,,
-713615.3764,227.5826982,,,,,,,
-713165.7327,223.142628,,,,,,,
-712453.797,227.0831971,,,,,,,
-712115.5782,227.6373406,,,,,,,
-711362.5,223.8856926,,,,,,,
-710293.7273,224.0017437,,,,,,,
-710071.4655,224.1234469,,,,,,,
-709449.0436,225.3889691,,,,,,,
-709033.3564,224.9017353,,,,,,,
-708506.4545,227.0328227,,,,,,,
-707959.5455,230.5073599,,,,,,,
-707503.7879,231.4329713,,,,,,,
-707009.1515,234.8361606,,,,,,,
-706463.4485,233.1122849,,,,,,,
-706249.6806,233.5834734,,,,,,,
-705693.7255,233.5052881,,,,,,,
-705360.6973,238.8480697,,,,,,,
-704760.7395,236.0453403,,,,,,,
-704542.9518,236.0536914,,,,,,,
-704103.1982,237.6612315,,,,,,,
-703776.9518,237.1846803,,,,,,,
-703293.9091,235.0917249,,,,,,,
-703103.3442,234.0426968,,,,,,,
-702631.8055,233.5444872,,,,,,,
-702300.5218,232.8295885,,,,,,,
-701846.0732,232.2805206,,,,,,,
-701518.5218,233.3539062,,,,,,,
-701059.9848,230.587829,,,,,,,
-700784.2727,232.1824465,,,,,,,
-700250.9236,232.1621215,,,,,,,
-700043.1491,230.8847912,,,,,,,
-699574.5236,232.4560078,,,,,,,
-699318.5273,235.4215271,,,,,,,
-698864.8382,236.6070014,,,,,,,
-698535.0242,236.7173884,,,,,,,
-698153.6855,237.2061159,,,,,,,
-697914.7076,239.7264196,,,,,,,
-697489.0188,239.0095213,,,,,,,
-697265.7512,238.8636108,,,,,,,
-696803.2309,241.8320312,,,,,,,
-696555.5382,240.8990463,,,,,,,
-696089.0036,241.0299152,,,,,,,
-695796.6752,239.8847439,,,,,,,
-695392.4521,238.4199793,,,,,,,
-695140.2909,239.4354919,,,,,,,
-694694.8345,238.132698,,,,,,,
-694484.8897,238.0518499,,,,,,,
-694031.88,238.7372303,,,,,,,
-693782.3091,236.7987348,,,,,,,
-693309.2618,239.7965338,,,,,,,
-692999.1382,239.3111317,,,,,,,
-692586.8242,240.4566923,,,,,,,
-692330.3485,239.3406333,,,,,,,
-691871.2929,237.756008,,,,,,,
-691624.043,243.6995487,,,,,,,
-691127.0924,238.4733044,,,,,,,
-690882.4591,239.2983941,,,,,,,
-690368.3436,243.5623167,,,,,,,
-690017.9624,239.3787348,,,,,,,
-689517.6685,238.4159988,,,,,,,
-689271.8348,239.2879301,,,,,,,
-688786.3912,236.4535725,,,,,,,
-688524.6527,235.8000553,,,,,,,
-688001.4515,232.2674759,,,,,,,
-687743.2576,232.0747772,,,,,,,
-687207.8255,230.6687893,,,,,,,
-686859.8703,227.6358561,,,,,,,
-686350.1345,227.6504621,,,,,,,
-686050.3818,226.7289261,,,,,,,
-685495.4973,222.965013,,,,,,,
-685204.0442,222.7044405,,,,,,,
-684631.8109,222.6179258,,,,,,,
-684319.1091,220.6316642,,,,,,,
-683729.8655,220.6226141,,,,,,,
-683344.8436,221.8203547,,,,,,,
-682808.0591,224.3560777,,,,,,,
-682473.6818,225.6416021,,,,,,,
-681878.7524,222.6967128,,,,,,,
-681507.8635,220.2352187,,,,,,,
-680790.0858,219.1411842,,,,,,,
-680393.7121,221.3062639,,,,,,,
-679719.9267,227.8951603,,,,,,,
-679275.6733,225.8085582,,,,,,,
-678677.6079,233.1080061,,,,,,,
-678362.5848,233.6111136,,,,,,,
-677785.1745,232.7010242,,,,,,,
-677505.3739,229.160458,,,,,,,
-676791.6194,220.0862371,,,,,,,
-676378.1818,218.2097347,,,,,,,
-675650.7364,216.5907023,,,,,,,
-675202.3091,219.9623846,,,,,,,
-674580.7364,222.5748545,,,,,,,
-673456.5333,216.1224818,,,,,,,
-673078.4,211.6914561,,,,,,,
-672279.3779,204.6697456,,,,,,,
-671746.1061,201.1220986,,,,,,,
-670811.3824,197.1291522,,,,,,,
-670200.8827,194.7895604,,,,,,,
-669507.9261,196.8275423,,,,,,,
-669120.7455,194.878373,,,,,,,
-668346.3188,191.5141319,,,,,,,
-667869.2988,187.655537,,,,,,,
-666965.5376,180.6705433,,,,,,,
-666465.2636,177.714661,,,,,,,
-665459.8573,173.7136201,,,,,,,
-664803.36,174.7686794,,,,,,,
-663886.5212,180.5376818,,,,,,,
-663371.9394,180.1665971,,,,,,,
-662458.0909,187.7670323,,,,,,,
-662370.4,192.5532136,,,,,,,
-661987.5152,191.0224933,,,,,,,
-660927.55,190.8610304,,,,,,,
-660846.6095,193.908217,,,,,,,
-660332.1773,189.6905842,,,,,,,
-659265.9,191.5917035,,,,,,,
-659168.32,193.9700305,,,,,,,
-658513.55,188.4342745,,,,,,,
-657461.9,185.6837858,,,,,,,
-657343.82,187.3800807,,,,,,,
-656814.1,184.0981364,,,,,,,
-655772,190.8769406,,,,,,,
-655704.2061,189.2334088,,,,,,,
-655231.0909,192.9341212,,,,,,,
-654182.65,200.3524245,,,,,,,
-653574.35,199.9959534,,,,,,,
-652488.65,194.8160293,,,,,,,
-651780.25,192.8691774,,,,,,,
-650758.95,186.7937683,,,,,,,
-650154.2636,187.2748941,,,,,,,
-648997.1,193.4431546,,,,,,,
-648398.4636,189.2501799,,,,,,,
-647241.1,196.1714941,,,,,,,
-646662.4182,193.4765987,,,,,,,
-645304.85,191.848061,,,,,,,
-644426.947,189.885481,,,,,,,
-643200.65,195.8204274,,,,,,,
-642350.8273,195.3061298,,,,,,,
-640906.65,191.5605718,,,,,,,
-640124.6045,191.384257,,,,,,,
-638422.25,190.1777336,,,,,,,
-637468.2652,188.8477364,,,,,,,
-635764.3667,195.3315012,,,,,,,
-634571.5606,194.0025899,,,,,,,
-633059.0333,194.8593659,,,,,,,
-632931.1448,195.9498915,,,,,,,
-632127.5379,193.0978999,,,,,,,
-630406.9409,196.4991728,,,,,,,
-629576.3227,200.4570693,,,,,,,
-627916.1,200.7773455,,,,,,,
-627819.8527,205.2658218,,,,,,,
-627189.6182,199.5241646,,,,,,,
-625880.1,205.7631073,,,,,,,
-625019.4273,215.7096826,,,,,,,
-624097.5,228.5122254,,,,,,,
-623447.9242,235.0233065,,,,,,,
-622546.95,237.928507,,,,,,,
-621104.95,239.1923088,,,,,,,
-621000.7327,243.8854525,,,,,,,
-619701.45,243.5306836,,,,,,,
-618333.75,245.8865879,,,,,,,
-617003.75,248.2889334,,,,,,,
-615659.5682,252.6394449,,,,,,,
-614406.6,252.7298005,,,,,,,
-614349.1164,252.8982584,,,,,,,
-613190.6,252.7479748,,,,,,,
-611992.8,256.1935786,,,,,,,
-610811.9667,258.1379745,,,,,,,
-609650.6333,259.6847092,,,,,,,
-609601.0127,257.8151014,,,,,,,
-608479.5,257.7448677,,,,,,,
-607297.3,259.2237979,,,,,,,
-606029.3,254.5783255,,,,,,,
-604675.9091,248.480185,,,,,,,
-603353.15,244.5322516,,,,,,,
-601999.15,239.1401259,,,,,,,
-600650.75,237.8582812,,,,,,,
-599305.15,232.4547892,,,,,,,
-597864.6318,229.3814805,,,,,,,
-597268.2182,225.9716627,,,,,,,
-596379.75,219.0222803,,,,,,,
-595853.6136,216.2730971,,,,,,,
-594841.1333,216.4410116,,,,,,,
-594271.5576,221.2172429,,,,,,,
-593486.4667,232.9179557,,,,,,,
-592913.8121,237.9772146,,,,,,,
-592096.7545,238.1475936,,,,,,,
-591611.2455,233.1632189,,,,,,,
-590835.5167,229.3866701,,,,,,,
-590433.4712,225.6788036,,,,,,,
-589069.4667,237.3775124,,,,,,,
-588538.8,243.5553026,,,,,,,
-588090.1455,248.1046424,,,,,,,
-587475.35,250.2045646,,,,,,,
-586990.9045,246.346029,,,,,,,
-586329.35,238.7841159,,,,,,,
-585938.6682,234.4009291,,,,,,,
-585221.85,225.9929311,,,,,,,
-584770.8424,223.9576328,,,,,,,
-582008.8,210.6390178,,,,,,,
-581624.2545,206.6812525,,,,,,,
-580886.3,209.8834178,,,,,,,
-580504.5273,215.4458665,,,,,,,
-579978.3,219.4126581,,,,,,,
-579596.5273,225.2070402,,,,,,,
-579168.65,230.2553891,,,,,,,
-578864.0045,236.1702196,,,,,,,
-578451.7833,243.8071398,,,,,,,
-578260.5045,244.1397833,,,,,,,
-577883.1167,251.4730231,,,,,,,
-577330.55,252.9234049,,,,,,,
-576792.35,249.056869,,,,,,,
-576246.35,251.0792764,,,,,,,
-575703.85,251.3417253,,,,,,,
-575165.1,251.2965767,,,,,,,
-574649.1,252.8973536,,,,,,,
-574162.85,252.5436976,,,,,,,
-573704.5333,248.863922,,,,,,,
-573283.9636,252.0800267,,,,,,,
-572856,251.8615048,,,,,,,
-572414.6545,251.7666008,,,,,,,
-571963.0167,248.7207804,,,,,,,
-571525.75,249.1861814,,,,,,,
-571103.5167,247.6569725,,,,,,,
-570719.8727,246.3095518,,,,,,,
-570365.5,250.3009962,,,,,,,
-570024.6909,251.6,,,,,,,
-569683.3576,249.6,,,,,,,
-569311.4424,251.8,,,,,,,
-568912.1273,251.8,,,,,,,
-568513.4606,251.3,,,,,,,
-568117.2485,250,,,,,,,
-567733.9273,251.3,,,,,,,
-567364.5939,250.2,,,,,,,
-566980.1455,253,,,,,,,
-566584.2364,252.8,,,,,,,
-566254.1394,253.9,,,,,,,
-565934.8909,253.2,,,,,,,
-565598.6545,254.5,,,,,,,
-565289.4909,253.9,,,,,,,
-564968.3515,254.3,,,,,,,
-564638.6364,253.7,,,,,,,
-564295.303,251.4,,,,,,,
-563945.6424,252.6,,,,,,,
-563588.9636,252.4,,,,,,,
-563184.297,251.4,,,,,,,
-562774.3576,247.6,,,,,,,
-562360.5636,245.8,,,,,,,
-561977.897,245.7,,,,,,,
-561585.7394,242.3,,,,,,,
-561184.8545,240.1,,,,,,,
-560705.6,234.1,,,,,,,
-560360.4909,234.6,,,,,,,
-559938.0727,231.9,,,,,,,
-559500.7394,231.6,,,,,,,
-559015.6,228.3,,,,,,,
-558486.6182,230.3,,,,,,,
-557922.6182,230.2,,,,,,,
-557686.7636,229.7,,,,,,,
-557366.0061,234.5,,,,,,,
-556827.6909,238.1,,,,,,,
-556356.0182,240.4,,,,,,,
-556204.5636,245.6,,,,,,,
-555888.2061,250.5,,,,,,,
-555707.1394,244,,,,,,,
-555435.0545,249.1,,,,,,,
-555248.6545,243,,,,,,,
-554973.2909,241,,,,,,,
-554457.0242,233.9,,,,,,,
-553892.3455,226.7,,,,,,,
-553208.3455,224.3,,,,,,,
-552529.6182,223.6,,,,,,,
-551858.6545,220.3,,,,,,,
-551669.3939,222.1,,,,,,,
-551295.9879,226.3,,,,,,,
-551070.9212,222.3,,,,,,,
-550731.5636,221.7,,,,,,,
-550161.0909,219.9,,,,,,,
-549431.0909,215.2,,,,,,,
-548632.5455,213.6,,,,,,,
-548280.7273,208.8,,,,,,,
-547770.1091,202.5,,,,,,,
-546820.7758,204.6,,,,,,,
-545856.6788,209.7,,,,,,,
-544880.1455,209.6,,,,,,,
-543914.9091,210.3,,,,,,,
-542935.9879,208.1,,,,,,,
-541894.8727,203.6,,,,,,,
-540790.2061,205,,,,,,,
-539703.8182,211.2,,,,,,,
-538633.8182,212.9,,,,,,,
-537563.8182,206.4,,,,,,,
-536490.7636,205,,,,,,,
-535384.4727,199.4,,,,,,,
-534228.4727,199.8,,,,,,,
-533745.0545,190.5,,,,,,,
-533093.5636,193.8,,,,,,,
-532718.1818,195.1,,,,,,,
-531982.2364,200,,,,,,,
-531604.3697,204.4,,,,,,,
-531037.5697,211.4,,,,,,,
-530642.5273,214.5,,,,,,,
-530128.7576,220.7,,,,,,,
-529251.3818,220.3,,,,,,,
-528340.5091,221.2,,,,,,,
-527453.4303,222.7,,,,,,,
-526566.6909,224.7,,,,,,,
-525748.6909,227.8,,,,,,,
-524945.8061,230.3,,,,,,,
-524157,233.7,,,,,,,
-523387,235.8,,,,,,,
-522620.8667,236.8,,,,,,,
-521851.8242,241.9,,,,,,,
-519624.4727,243.5,,,,,,,
-518871.8061,245.5,,,,,,,
-518123.3576,247.7,,,,,,,
-517379.1273,245.3,,,,,,,
-516650.4606,245.5,,,,,,,
-515926.0121,246.2,,,,,,,
-515204.9818,247.2,,,,,,,
-514470.9818,243,,,,,,,
-513700.7758,241.5,,,,,,,
-512897.7818,239.2,,,,,,,
-512083.1152,238.2,,,,,,,
-511254.7394,242,,,,,,,
-510413.7818,235.2,,,,,,,
-509562.4485,236.4,,,,,,,
-508702.3273,233.4,,,,,,,
-507834.9818,240.3,,,,,,,
-506990.9818,237,,,,,,,
-506167.7212,238.2,,,,,,,
-505362.4,236,,,,,,,
-504533.7333,235.5,,,,,,,
-503734.2424,233.9,,,,,,,
-502961.7818,234.1,,,,,,,
-502227.1879,232.2,,,,,,,
-501468.9273,232,,,,,,,
-500687.6364,231.2,,,,,,,
-499911.4242,230.8,,,,,,,
-499133.9636,228.2,,,,,,,
-498354.7818,230.8,,,,,,,
-497576.7818,230.6,,,,,,,
-496787.4182,232.8,,,,,,,
-496015.9758,236.5,,,,,,,
-495237.6303,236.4,,,,,,,
-494494.0667,237.6,,,,,,,
-493775.6909,238.5,,,,,,,
-493074.1273,238.3,,,,,,,
-492350.3939,239.1,,,,,,,
-491643.1091,239.7,,,,,,,
-490913.7758,243.7,,,,,,,
-490204.5455,246.7,,,,,,,
-489501.0788,243.3,,,,,,,
-488783.9515,242.6,,,,,,,
-488544.9091,249.3,,,,,,,
-488076.2909,252.8,,,,,,,
-487769.7939,240.9,,,,,,,
-487352.0909,242,,,,,,,
-486615.4545,237.1,,,,,,,
-485898.0667,231.3,,,,,,,
-485179.2545,232.9,,,,,,,
-484448.6727,233,,,,,,,
-483717.5212,231.2,,,,,,,
-482986.1818,231.4,,,,,,,
-482229.7879,231.4,,,,,,,
-481445.3818,227.3,,,,,,,
-480630.9636,223.4,,,,,,,
-479712.9636,223.8,,,,,,,
-478776.6848,218.8,,,,,,,
-478378.297,220.8,,,,,,,
-477825.6909,231.3,,,,,,,
-477452.9515,236.5,,,,,,,
-476942.4606,239.1,,,,,,,
-475991,236.6,,,,,,,
-474999.8,232.8,,,,,,,
-473975.2,233.1,,,,,,,
-473024.1091,241.2,,,,,,,
-472142.3636,245.6,,,,,,,
-471850.8485,243.9,,,,,,,
-471267.8182,243.7,,,,,,,
-470913.2727,232.7,,,,,,,
-470313.0667,229.2,,,,,,,
-469874.5333,218.7,,,,,,,
-469250.7939,215.5,,,,,,,
-468775.9758,206.5,,,,,,,
-468090.1273,205.5,,,,,,,
-466927.7091,203.4,,,,,,,
-465756.6424,204.4,,,,,,,
-464682.297,208.1,,,,,,,
-463651.7273,210,,,,,,,
-463315.3636,205.2,,,,,,,
-462649.4727,199.9,,,,,,,
-461576.6485,194.4,,,,,,,
-460464.103,190.7,,,,,,,
-459336.0606,195.5,,,,,,,
-458302.2121,202.4,,,,,,,
-457261.5515,208.3,,,,,,,
-456844.0061,203.3,,,,,,,
-456258.2909,204.3,,,,,,,
-455795.1273,199.1,,,,,,,
-455164.4364,192.5,,,,,,,
-454051.6121,193.3,,,,,,,
-452914.3091,198.4,,,,,,,
-451825.6424,201.9,,,,,,,
-450785.8364,204.9,,,,,,,
-449797.2788,201.2,,,,,,,
-448692.8909,201.7,,,,,,,
-447621.0364,208.1,,,,,,,
-446509.1818,203.5,,,,,,,
-445269.1818,201.1,,,,,,,
-443381.7273,199.1,,,,,,,
-441894.6485,202,,,,,,,
-440280.7758,201.3,,,,,,,
-438709.5818,201.7,,,,,,,
-437113.4182,200.3,,,,,,,
-435535.4182,207.5,,,,,,,
-433989.6909,209.8,,,,,,,
-432429.0727,207.6,,,,,,,
-431900.297,211.5,,,,,,,
-430229.3091,227.2,,,,,,,
-429073.7636,219.7,,,,,,,
-427228.3636,242.5,,,,,,,
-426890.2,248.2,,,,,,,
-425991.4,252.1,,,,,,,
-425204.9636,255.3,,,,,,,
-424671.5636,265.4,,,,,,,
-424287.2727,270,,,,,,,
-423790.9091,270.8,,,,,,,
-423182.2606,268.3,,,,,,,
-422557.7455,267.7,,,,,,,
-421275.497,270.6,,,,,,,
-420582.6545,266.4,,,,,,,
-419962.1455,268.6,,,,,,,
-418751.7636,273.8,,,,,,,
-418183.7636,271.2,,,,,,,
-417625.7818,273.7,,,,,,,
-416555.303,274.6,,,,,,,
-416006.7818,271.8,,,,,,,
-415490.4424,273.4,,,,,,,
-414475.3152,271.7,,,,,,,
-413995.6061,276.4,,,,,,,
-413229.5939,271.6,,,,,,,
-412260.8606,264.9,,,,,,,
-411308.6545,274.9,,,,,,,
-409397.9697,283.5,,,,,,,
-408503.8,282.6,,,,,,,
-407648.2364,274.7,,,,,,,
-406868.7152,284.5,,,,,,,
-405332.497,285.6,,,,,,,
-404592.8,279.6,,,,,,,
-403112.6303,280.5,,,,,,,
-402363.297,276.5,,,,,,,
-400909.8364,275.7,,,,,,,
-400190.9152,283.1,,,,,,,
-398760.0848,283.2,,,,,,,
-397976.1636,277.1,,,,,,,
-396325.1273,276.3,,,,,,,
-392956.103,260.7,,,,,,,
-392053.6909,273.6,,,,,,,
-391027.1515,259.5,,,,,,,
-390337.25,258.1,,,,,,,
-387460.205,245.8,,,,,,,
-385874.815,246.8,,,,,,,
-384333.71,239.1,,,,,,,
-382607.445,240,,,,,,,
-380981.485,227,,,,,,,
-376810.24,229.6,,,,,,,
-375084.88,224.6,,,,,,,
-373254.6,214.7,,,,,,,
-371507.615,199.9,,,,,,,
-369435.87,201.9,,,,,,,
-366115.9,206.3,,,,,,,
-363240.23,201.2,,,,,,,
-360617.6,185.8,,,,,,,
-358733.84,186.1,,,,,,,
-357060.38,193,,,,,,,
-353867.77,209.2,,,,,,,
-352462.975,209.4,,,,,,,
-351224.595,216.2,,,,,,,
-349726.345,221.1,,,,,,,
-347189.085,220.3,,,,,,,
-345594.805,211.9,,,,,,,
-344370.905,204.8,,,,,,,
-343050.85,205.2,,,,,,,
-341973.585,200.7,,,,,,,
-340841.56,250.1,,,,,,,
-338785.08,234.2,,,,,,,
-338033.89,239.6,,,,,,,
-337041.435,241.9,,,,,,,
-336263.5,255.7,,,,,,,
-335566.67,270.5,,,,,,,
-334917.82,278.6,,,,,,,
-334427.54,285.8,,,,,,,
-333757.51,278.1,,,,,,,
-333152.305,298.6,,,,,,,
-332593.885,288.4,,,,,,,
-332399.495,289.1,,,,,,,
-332047.555,282.4,,,,,,,
-331550.09,273.1,,,,,,,
-330848.62,272.6,,,,,,,
-330194.115,271.7,,,,,,,
-329343.55,265,,,,,,,
-328103.325,275.1,,,,,,,
-327464.29,271.9,,,,,,,
-326820.75,270.1,,,,,,,
-326136.81,266.1,,,,,,,
-325485.835,264,,,,,,,
-324641.09,266.2,,,,,,,
-323873,260.5,,,,,,,
-323057.405,260.3,,,,,,,
-322216.915,260.4,,,,,,,
-321433.345,257.2,,,,,,,
-319867.445,249.2,,,,,,,
-318966.335,255.8,,,,,,,
-317879.66,233.4,,,,,,,
-316902.595,245.2,,,,,,,
-315982.545,251.6,,,,,,,
-315199.87,272.6,,,,,,,
-314500.72,246.8,,,,,,,
-313707.515,257.1,,,,,,,
-312886.21,256.7,,,,,,,
-312101.85,251.6,,,,,,,
-311393.125,241.9,,,,,,,
-310643.43,239,,,,,,,
-309720.025,237.8,,,,,,,
-308826.1,233.2,,,,,,,
-308060.975,226.2,,,,,,,
-307473.73,227.8,,,,,,,
-306375.7,225.8,,,,,,,
-305513.265,244.8,,,,,,,
-304631.115,248.6,,,,,,,
-303828.15,250.2,,,,,,,
-303149.81,240.7,,,,,,,
-302150.92,240.2,,,,,,,
-301166,236,,,,,,,
-300134.19,239,,,,,,,
-299075.615,236.1,,,,,,,
-298165.865,231,,,,,,,
-297426.28,224.4,,,,,,,
-296754.615,217.1,,,,,,,
-294878.865,213.1,,,,,,,
-293414.225,212.7,,,,,,,
-292505.29,206.7,,,,,,,
-291700.74,206,,,,,,,
-290868.31,207.6,,,,,,,
-289612.87,217.1,,,,,,,
-288913.79,220.4,,,,,,,
-288234.5,234.9,,,,,,,
-286336.425,231,,,,,,,
-285870.05,230.4,,,,,,,
-285493.86,231.4,,,,,,,
-284659.955,226.4,,,,,,,
-283981.32,228,,,,,,,
-282484.68,231.3,,,,,,,
-280642.89,223.7,,,,,,,
-279450.74,215.3,,,,,,,
-278608.95,211,,,,,,,
-277669.045,204.5,,,,,,,
-276640.905,202.2,,,,,,,
-275493,193.2,,,,,,,
-274307.715,198.4,,,,,,,
-273204.635,194.1,,,,,,,
-272214.075,193.9,,,,,,,
-271215.83,190.4,,,,,,,
-270199.64,184.7,,,,,,,
-269086.035,198.8,,,,,,,
-267990.47,194.2,,,,,,,
-267045.5,187.2,,,,,,,
-266307.83,188.7,,,,,,,
-265057,211.7,,,,,,,
-264184.45,199.9,,,,,,,
-262633.76,228.1,,,,,,,
-260867.095,214.6,,,,,,,
-260104.575,208.9,,,,,,,
-259343.92,205.7,,,,,,,
-258944.24,209.6,,,,,,,
-257446.895,203.9,,,,,,,
-255958.065,204,,,,,,,
-255110.585,201.9,,,,,,,
-254348.66,199,,,,,,,
-252637.105,195.4,,,,,,,
-251806.68,196.7,,,,,,,
-251003.72,195.4,,,,,,,
-250182.255,213.9,,,,,,,
-249440.57,200.2,,,,,,,
-247149.87,214.7,,,,,,,
-244920.485,219.4,,,,,,,
-244238.81,230.4,,,,,,,
-243614,236.7,,,,,,,
-243107.01,249.9,,,,,,,
-242632.335,252.3,,,,,,,
-242171.765,263.7,,,,,,,
-241188.52,280.2,,,,,,,
-240735.46,279,,,,,,,
-239905.4,263.2,,,,,,,
-239383.045,259.7,,,,,,,
-238240.365,252.8,,,,,,,
-237788.66,247.4,,,,,,,
-237437.035,245.8,,,,,,,
-237058.26,245.6,,,,,,,
-236475.335,239.1,,,,,,,
-235955.53,243.1,,,,,,,
-235441.655,247.4,,,,,,,
-234900.8,241.4,,,,,,,
-234476.005,252.1,,,,,,,
-234040.855,245.2,,,,,,,
-230906.06,241.6,,,,,,,
-230241.77,233.9,,,,,,,
-229179.66,232.4,,,,,,,
-227622.045,224.5,,,,,,,
-226816.99,233.1,,,,,,,
-226489.415,234.5,,,,,,,
-225769.975,235.5,,,,,,,
-224899.835,215.7,,,,,,,
-224309.825,203.3,,,,,,,
-222321.505,205.6,,,,,,,
-221179.035,208.8,,,,,,,
-220589.575,207.1,,,,,,,
-219747.46,216.1,,,,,,,
-218985.615,214.1,,,,,,,
-217117.605,240.5,,,,,,,
-216250.785,245.3,,,,,,,
-215744.96,251.1,,,,,,,
-215465.635,251.7,,,,,,,
-214914.965,247.5,,,,,,,
-214356.15,242.6,,,,,,,
-213962.34,240.3,,,,,,,
-213130.745,241.4,,,,,,,
-212208.81,251.2,,,,,,,
-211380.35,243.4,,,,,,,
-210583.075,257.4,,,,,,,
-210128.745,239.5,,,,,,,
-209627.835,246.9,,,,,,,
-209108.465,252,,,,,,,
-208882.065,247.2,,,,,,,
-208225.17,243.9,,,,,,,
-208016.085,244.6,,,,,,,
-207495.04,242.2,,,,,,,
-207132.255,240.5,,,,,,,
-206871.57,230,,,,,,,
-206324.525,237.2,,,,,,,
-206158.775,238.1,,,,,,,
-205672.89,231.4,,,,,,,
-205290.3,229.4,,,,,,,
-204946.85,226.3,,,,,,,
-204409.935,228.6,,,,,,,
-203994.575,232.2,,,,,,,
-203625.755,231.9,,,,,,,
-203253.275,244.4,,,,,,,
-201892,247.6,,,,,,,
-200794.5,239.1,,,,,,,
-199802,250.9,,,,,,,
-196988,242.6,,,,,,,
-196377.45,241.2,,,,,,,
-195637.35,226.4,,,,,,,
-193849.5,220,,,,,,,
-193176.5,226.5,,,,,,,
-191124.5,218,,,,,,,
-190014.075,220.3,,,,,,,
-189304.5,231.4,,,,,,,
-187856.5,231.3,,,,,,,
-186487,210.7,,,,,,,
-184461,203.4,,,,,,,
-182421,199.7,,,,,,,
-181308,198.1,,,,,,,
-180246,217.7,,,,,,,
-179352,213.2,,,,,,,
-177923,207.7,,,,,,,
-175779.5,190.1,,,,,,,
-175583.925,189.4,,,,,,,
-174903,190.3,,,,,,,
-173883.35,196,,,,,,,
-172492,197.7,,,,,,,
-169989,197.8,,,,,,,
-167564.4,196.6,,,,,,,
-166795.5,183.8,,,,,,,
-165964.1,186.7,,,,,,,
-164834,190.1,,,,,,,
-164193,191.6,,,,,,,
-162384.65,196.5,,,,,,,
-161908,204.3,,,,,,,
-158205,187.5,,,,,,,
-157766,185.5,,,,,,,
-156716,189,,,,,,,
-154356.8182,189.38,,,,,,,
-152939.1273,196.3,,,,,,,
-151824.6576,198.78,,,,,,,
-149494.8545,202.35,,,,,,,
-148644.8848,202.51,,,,,,,
-147516.1455,201.78,,,,,,,
-146283.4655,195.81,,,,,,,
-144158.2436,193.59,,,,,,,
-142849.5909,196.02,,,,,,,
-141701.3,194.59,,,,,,,
-140410.5618,196.51,,,,,,,
-137999.9697,192.75,,,,,,,
-136884.297,198.55,,,,,,,
-135813.4242,199.18,,,,,,,
-134615.5455,203.74,,,,,,,
-132572.2788,212.43,,,,,,,
-131825.8061,222.74,,,,,,,
-130981.9576,224.63,,,,,,,
-130759.8788,228,,,,,,,
-130026.2424,232.28,,,,,,,
-129372.2,241.13,,,,,,,
-128868.3636,250.84,,,,,,,
-128423.0303,251.84,,,,,,,
-127705.6364,260.61,,,,,,,
-127128.0364,268.44,,,,,,,
-126928,271.08,,,,,,,
-126516.7273,285.76,,,,,,,
-126222.6667,280.72,,,,,,,
-126074.4764,276.03,,,,,,,
-125553.5497,276.88,,,,,,,
-125363.8303,275.78,,,,,,,
-125012.0303,274.93,,,,,,,
-124749.9091,273.02,,,,,,,
-124063.703,275.15,,,,,,,
-123342.6333,276.81,,,,,,,
-122867.4545,275.52,,,,,,,
-122454.5152,281.54,,,,,,,
-122009.4848,275.87,,,,,,,
-121680.9091,274.6,,,,,,,
-121063.9545,279.16,,,,,,,
-120342.3636,279,,,,,,,
-120150.0018,278.25,,,,,,,
-119891.9697,276.61,,,,,,,
-119476.0152,279.48,,,,,,,
-118592.9091,276.82,,,,,,,
-118194.1212,268.73,,,,,,,
-117765.5,274.59,,,,,,,
-117292.5152,267.74,,,,,,,
-116708.2697,277.72,,,,,,,
-115669.3636,274.98,,,,,,,
-115235.5545,274.03,,,,,,,
-114525.5758,273.63,,,,,,,
-113958.5758,273.16,,,,,,,
-113496.6727,276.96,,,,,,,
-112865.3939,275.07,,,,,,,
-112300,267.9,,,,,,,
-111728.6364,260.58,,,,,,,
-111169.2697,264.75,,,,,,,
-110991.7273,263.12,,,,,,,
-110686.0606,256.79,,,,,,,
-109926.8,257.93,,,,,,,
-108605.3636,246.69,,,,,,,
-107889.9697,244.13,,,,,,,
-107179.4182,244.44,,,,,,,
-106451.9091,236.43,,,,,,,
-105024.8182,240.34,,,,,,,
-104418.2545,244.83,,,,,,,
-104306.3758,241.4,,,,,,,
-104039.8727,257.58,,,,,,,
-103557.1485,248.78,,,,,,,
-103016.4455,242.36,,,,,,,
-102381.2291,238.88,,,,,,,
-102324.3333,247.7616293,,,,,,,
-101358.74,240.6840721,,,,,,,
-100814.7767,237.0732756,,,,,,,
-100021.885,240.0715355,,,,,,,
-99375.675,244.7624246,,,,,,,
-98593.17833,247.8721131,,,,,,,
-98126.84967,245.6255779,,,,,,,
-97411.42233,242.9897129,,,,,,,
-96633.724,243.1798878,,,,,,,
-95977.4645,239.8585,,,,,,,
-95320.891,242.354066,,,,,,,
-94524.88033,245.7647295,,,,,,,
-93971.48317,246.1964653,,,,,,,
-93284.114,242.9141172,,,,,,,
-92618.54833,242.4063602,,,,,,,
-91873.21367,238.2070953,,,,,,,
-91474.7096,235.1600042,,,,,,,
-90717.8175,232.4556887,,,,,,,
-89999.738,233.7418403,,,,,,,
-89495.03067,231.1207564,,,,,,,
-88884.015,231.5586505,,,,,,,
-88367.294,229.7373815,,,,,,,
-87746.25753,228.8783456,,,,,,,
-87294.716,227.3783735,,,,,,,
-86751.0496,223.9894141,,,,,,,
-86186.18,217.800963,,,,,,,
-85631.18,223.629744,,,,,,,
-85077.636,221.0556106,,,,,,,
-84548.32453,223.3774166,,,,,,,
-83940.69383,228.763042,,,,,,,
-83417.46933,234.6861033,,,,,,,
-82986.769,238.4231035,,,,,,,
-82407.4385,243.1607277,,,,,,,
-81990.9,250.7874532,,,,,,,
-81604.11217,247.1003682,,,,,,,
-81038.261,246.3224641,,,,,,,
-80576.7192,240.8729549,,,,,,,
-80118.7905,238.8889658,,,,,,,
-79761.431,234.1341644,,,,,,,
-79256.9425,230.32954,,,,,,,
-78771.7855,233.9230178,,,,,,,
-78380.3625,230.6005848,,,,,,,
-77927.758,234.7426829,,,,,,,
-77460.363,229.255335,,,,,,,
-77019.54013,227.2993455,,,,,,,
-76557.95,224.1427524,,,,,,,
-76130.753,226.6471708,,,,,,,
-75665.915,224.9179538,,,,,,,
-75106.4805,231.6834444,,,,,,,
-74746.736,238.0131729,,,,,,,
-74297.47217,239.3414054,,,,,,,
-73900.6505,249.9395724,,,,,,,
-73595.13367,249.5236775,,,,,,,
-73117.9515,243.2700059,,,,,,,
-72575.645,241.2403946,,,,,,,
-72271.48233,231.3339802,,,,,,,
-71800.95567,232.7350796,,,,,,,
-71269.31633,230.8909584,,,,,,,
-70916.04367,232.3347611,,,,,,,
-70540.15,232.7908655,,,,,,,
-70142.81487,239.4563537,,,,,,,
-69743.65023,237.5634446,,,,,,,
-69329.16903,235.0157701,,,,,,,
-68978.87217,225.1721591,,,,,,,
-68477.26267,220.3266112,,,,,,,
-68102.1648,215.5508132,,,,,,,
-67642.01713,211.2583878,,,,,,,
-67131.5285,205.4203591,,,,,,,
-66669.99347,203.4254725,,,,,,,
-66196.1885,200.1704381,,,,,,,
-65779.6785,203.7588046,,,,,,,
-65364.5875,201.1418996,,,,,,,
-65009.71067,207.2052246,,,,,,,
-64489.3055,204.3859977,,,,,,,
-63987.23267,200.5910835,,,,,,,
-63814.5127,198.1736043,,,,,,,
-63596.4465,208.9757824,,,,,,,
-63096.72067,199.1708057,,,,,,,
-62917.4226,201.6702794,,,,,,,
-62707.29413,203.6954667,,,,,,,
-62163.77897,199.7280299,,,,,,,
-61946.87993,197.2423664,,,,,,,
-61605.79267,197.4034359,,,,,,,
-61010.89567,200.1481332,,,,,,,
-60824.57333,202.7086782,,,,,,,
-60602.00602,202.5567478,,,,,,,
-59950.7233,206.3768852,,,,,,,
-59604.1108,210.9034029,,,,,,,
-59284.84403,210.5677071,,,,,,,
-59110.87747,207.9542585,,,,,,,
-58867.61723,213.7789541,,,,,,,
-58566.6315,217.2531323,,,,,,,
-58423.05923,212.8709103,,,,,,,
-58159.88307,216.6606808,,,,,,,
-57783.46935,223.4548161,,,,,,,
-57430.405,226.3532918,,,,,,,
-57155.06915,231.2935761,,,,,,,
-56483.32,223.1485504,,,,,,,
-56267.0123,224.3533977,,,,,,,
-55893.7247,223.7182925,,,,,,,
-55526.265,217.3763244,,,,,,,
-55260.94265,215.696527,,,,,,,
-54553.5825,212.4366913,,,,,,,
-54287.1294,207.6741131,,,,,,,
-53959.5374,210.2748745,,,,,,,
-53603.13,214.776644,,,,,,,
-53343.45915,208.1935057,,,,,,,
-53064.48765,216.8579027,,,,,,,
-52744.6125,213.8870139,,,,,,,
-52437.125,217.9567383,,,,,,,
-52206.6032,220.3743648,,,,,,,
-51856.25205,221.1379091,,,,,,,
-51450.45315,223.2619903,,,,,,,
-51158.2525,223.717214,,,,,,,
-50850.7425,221.147906,,,,,,,
-50623.676,220.7236107,,,,,,,
-50434.7809,219.082541,,,,,,,
-50136.81985,213.8178172,,,,,,,
-49829.53,215.0771298,,,,,,,
-49481.4466,211.5708471,,,,,,,
-49079.1701,207.6364359,,,,,,,
-48577.41475,207.4099903,,,,,,,
-48270.5469,206.7440269,,,,,,,
-48056.51,204.3767601,,,,,,,
-47778.315,203.8713291,,,,,,,
-47512.65525,204.0580379,,,,,,,
-47352.9804,200.1200432,,,,,,,
-47037.95265,201.5786292,,,,,,,
-46477.86,200.9751439,,,,,,,
-46273.18175,206.182083,,,,,,,
-45993.7511,205.6596509,,,,,,,
-45760.39,203.7878949,,,,,,,
-45574.3569,204.2599351,,,,,,,
-45364.9762,207.5966069,,,,,,,
-45136.275,210.2720271,,,,,,,
-44937.935,210.8376323,,,,,,,
-44796.4378,214.1828462,,,,,,,
-44685.902,216.4166322,,,,,,,
-44358.5475,218.3488824,,,,,,,
-44231.255,219.2468729,,,,,,,
-44107.3338,221.7721745,,,,,,,
-43927.10855,222.7174679,,,,,,,
-43746.055,217.5118697,,,,,,,
-43510.3224,214.5013713,,,,,,,
-43330.3875,213.9182294,,,,,,,
-43192.015,207.9533487,,,,,,,
-43046.157,211.4870757,,,,,,,
-42866.0105,210.4383494,,,,,,,
-42705.535,212.2853728,,,,,,,
-42540.5025,204.8261548,,,,,,,
-42400.465,206.2215635,,,,,,,
-42254.4464,201.9967901,,,,,,,
-42145.19615,204.3059191,,,,,,,
-41859.01,201.6896729,,,,,,,
-41711.15755,203.1809191,,,,,,,
-41565.82055,204.2219504,,,,,,,
-41400.6625,201.664624,,,,,,,
-41221.885,203.1620719,,,,,,,
-41018.0782,204.2604784,,,,,,,
-40899.867,206.3541547,,,,,,,
-40678.3001,204.8267435,,,,,,,
-40365.8175,200.8960917,,,,,,,
-39950.6868,199.8905658,,,,,,,
-39809.2075,201.124349,,,,,,,
-39655.9736,205.4900664,,,,,,,
-39353.5942,204.1853976,,,,,,,
-39217.90404,201.5320304,,,,,,,
-38957.3886,200.966198,,,,,,,
-38804.3,200.4661596,,,,,,,
-38603.44,201.4844525,,,,,,,
-38535.94648,201.322686,,,,,,,
-38358.4,197.904549,,,,,,,
-38195.3,193.6903119,,,,,,,
-38162.1,193.0813143,,,,,,,
-38092.7,192.5956556,,,,,,,
-37950.5,197.5525073,,,,,,,
-37935,193.8730989,,,,,,,
-37807.1,193.5813542,,,,,,,
-37759.2,196.6742707,,,,,,,
-37671,195.7015925,,,,,,,
-37565.4,200.4029739,,,,,,,
-37504.4,198.1385036,,,,,,,
-37452.9,191.5315634,,,,,,,
-37429.4,204.7773758,,,,,,,
-37389.8,207.8680804,,,,,,,
-37369.9,209.3264563,,,,,,,
-37353.2,209.4956419,,,,,,,
-37315.7,208.6850913,,,,,,,
-37170.5,207.3235852,,,,,,,
-37103.6,204.2829889,,,,,,,
-37026.8,202.3448524,,,,,,,
-37005.6,205.9880896,,,,,,,
-36924.7,205.6509899,,,,,,,
-36862.6,206.0857876,,,,,,,
-36773.4,206.543994,,,,,,,
-36720.8,204.4555539,,,,,,,
-36671.8,204.7919056,,,,,,,
-36623.6,208.2332726,,,,,,,
-36583.2,210.0786906,,,,,,,
-36522.9,207.2301826,,,,,,,
-36462.8,210.7947524,,,,,,,
-36409.2,207.9997797,,,,,,,
-36334.2,207.411157,,,,,,,
-36242.4,206.5229252,,,,,,,
-36215.6,208.3350597,,,,,,,
-36138.5,214.3603926,,,,,,,
-36050.3,211.2134252,,,,,,,
-35945,214.2064208,,,,,,,
-35827.2,212.0924136,,,,,,,
-35697.5,212.135906,,,,,,,
-35668.6,214.295899,,,,,,,
-35511.3,209.8366778,,,,,,,
-35481,212.5055287,,,,,,,
-35388.1,206.586571,,,,,,,
-35352,209.6563918,,,,,,,
-35346.5,208.2519091,,,,,,,
-35193.2,207.3458468,,,,,,,
-35168.6,210.1571748,,,,,,,
-35073.4,206.3568576,,,,,,,
-34989.8,203.5143458,,,,,,,
-34870.2,202.7603346,,,,,,,
-34762.8,203.7543231,,,,,,,
-34719.6,203.7695176,,,,,,,
-34641.8,205.1023926,,,,,,,
-34556.3,198.9617645,,,,,,,
-34311.8,200.0916462,,,,,,,
-34223.1,201.7797825,,,,,,,
-34136.5,204.1230145,,,,,,,
-33998.3,198.7999445,,,,,,,
-33904.6,203.2886587,,,,,,,
-33751.6,200.5019756,,,,,,,
-33722.5,201.8131026,,,,,,,
-33618,201.8276294,,,,,,,
-33580.7,201.8866004,,,,,,,
-33558.5,202.0412667,,,,,,,
-33547.1,201.0630555,,,,,,,
-33495.8,200.2987555,,,,,,,
-33433,201.3576929,,,,,,,
-33409.4,203.6185257,,,,,,,
-33387,204.4670621,,,,,,,
-33331.7,205.3761847,,,,,,,
-33215.8,203.6005086,,,,,,,
-33139.6,198.7828308,,,,,,,
-32916.8,203.0917776,,,,,,,
-32875.6,202.795647,,,,,,,
-32760.6,197.1613049,,,,,,,
-32697.8,198.8917124,,,,,,,
-32670,200.2924224,,,,,,,
-32652.6,199.4889296,,,,,,,
-32606.9,199.6474819,,,,,,,
-32384.4,196.201852,,,,,,,
-32362.8,196.2666133,,,,,,,
-32300.8,195.7913335,,,,,,,
-32240.3,194.8874767,,,,,,,
-32114.2,195.9317588,,,,,,,
-32041.5,195.4109157,,,,,,,
-32007,196.47192,,,,,,,
-31975.9,194.4702732,,,,,,,
-31957.5,194.4606041,,,,,,,
-31935.7,195.2662324,,,,,,,
-31891,195.6271483,,,,,,,
-31808.1,200.0310664,,,,,,,
-31605.3,197.7997564,,,,,,,
-31541.4,197.1252633,,,,,,,
-31467.5,196.8962289,,,,,,,
-31198.3,197.6460048,,,,,,,
-31059,196.3260964,,,,,,,
-30930.9,196.701816,,,,,,,
-30863.1,199.3023192,,,,,,,
-30764.1,195.9386128,,,,,,,
-30727.8,195.080127,,,,,,,
-30644.6,194.4295743,,,,,,,
-30561.1,194.6068297,,,,,,,
-30484.8,194.1104295,,,,,,,
-30411.2,195.2472448,,,,,,,
-30357.9,192.4651878,,,,,,,
-30200.6,196.908055,,,,,,,
-30197.5,196.4166559,,,,,,,
-30129.6,193.9050276,,,,,,,
-30076.9,193.3257604,,,,,,,
-29983.9,192.5071548,,,,,,,
-29868.4,192.927643,,,,,,,
-29842.1,193.7128385,,,,,,,
-29574.1,189.946865,,,,,,,
-29406.4,188.4753253,,,,,,,
-29155.2,187.9995635,,,,,,,
-28825.7,190.3322228,,,,,,,
-28763,187.1432812,,,,,,,
-28578.8,182.9360816,,,,,,,
-28450.5,184.2981804,,,,,,,
-28362.7,185.9886464,,,,,,,
-28327.9,186.5173877,,,,,,,
-28231.7,188.4753165,,,,,,,
-28151.5,188.2467784,,,,,,,
-28049,191.567341,,,,,,,
-28002.1,191.3754967,,,,,,,
-27887.8,190.9669245,,,,,,,
-27792.8,191.284412,,,,,,,
-27731.2,189.7728047,,,,,,,
-27659.2,189.2425185,,,,,,,
-27460.2,189.2132558,,,,,,,
-27416.1,189.8287064,,,,,,,
-27373.9,191.0119519,,,,,,,
-27299.6,192.3914167,,,,,,,
-27255.3,188.096683,,,,,,,
-27200.7,192.2643386,,,,,,,
-27058.9,192.8724797,,,,,,,
-26998.6,193.2594033,,,,,,,
-26952.7,192.6875899,,,,,,,
-26891.9,193.8897968,,,,,,,
-26774.3,193.8025076,,,,,,,
-26676.4,192.8154243,,,,,,,
-26627.4,193.1001042,,,,,,,
-26476.9,189.6458702,,,,,,,
-26463.9,189.1567444,,,,,,,
-26419.7,192.6338987,,,,,,,
-26321.6,191.5941938,,,,,,,
-26264.1,191.8161376,,,,,,,
-26147.3,189.9575797,,,,,,,
-26023.2,189.2867873,,,,,,,
-25977.1,188.986349,,,,,,,
-25935,189.2784906,,,,,,,
-25916.4,190.5849616,,,,,,,
-25870.7,187.5863925,,,,,,,
-25768.6,189.3045239,,,,,,,
-25764.1,190.6078691,,,,,,,
-25737,192.7123708,,,,,,,
-25711.3,191.4600117,,,,,,,
-25636.4,191.9535006,,,,,,,
-25599.7,191.5337588,,,,,,,
-25552.8,191.2337979,,,,,,,
-25491.9,191.9531337,,,,,,,
-25330.1,190.0614572,,,,,,,
-25220.2,194.928153,,,,,,,
-25134.8,186.271359,,,,,,,
-25092,187.3935686,,,,,,,
-25004.9,188.0846282,,,,,,,
-24907.8,186.4311476,,,,,,,
-24753.7,185.4366044,,,,,,,
-24587.1,185.5131814,,,,,,,
-24510.7,186.0128248,,,,,,,
-24365,183.7673068,,,,,,,
-24304.5,184.5716824,,,,,,,
-24066,184.5181517,,,,,,,
-23836,186.5411615,,,,,,,
-23593.6,183.3789183,,,,,,,
-23401.1,182.6604169,,,,,,,
-23213.6,180.6936999,,,,,,,
-22693.6,180.5655168,,,,,,,
-22319.8,186.7268949,,,,,,,
-22127.7,184.6823772,,,,,,,
-21923.8,183.1294475,,,,,,,
-21650.5,187.9853592,,,,,,,
-21495.2,186.7793563,,,,,,,
-21408.4,193.5328204,,,,,,,
-21326.7,197.671885,,,,,,,
-21235,188.6041093,,,,,,,
-21157.3,190.0805015,,,,,,,
-21063.8,190.5300755,,,,,,,
-21044,189.3973396,,,,,,,
-20883.6,186.1336889,,,,,,,
-20799.3,190.0135889,,,,,,,
-20700.8,188.4866056,,,,,,,
-20654.1,185.2074945,,,,,,,
-20600.1,184.6792182,,,,,,,
-20397.6,187.0216472,,,,,,,
-20342.2,187.2242115,,,,,,,
-20280.886,191.2705276,,,,,,,
-20105.594,187.3811396,,,,,,,
-19963.629,190.7825044,,,,,,,
-19840.593,187.9571767,,,,,,,
-19612.853,185.2260526,,,,,,,
-19395.184,187.2427817,,,,,,,
-19262.702,190.0517829,,,,,,,
-19117.69,188.4011718,,,,,,,
-19014.428,190.8707841,,,,,,,
-18878.392,192.657502,,,,,,,
-18716.489,187.7613088,,,,,,,
-18586.804,193.925954,,,,,,,
-18457.601,189.990225,,,,,,,
-18263.307,190.4730177,,,,,,,
-18068.696,193.7230209,,,,,,,
-17933.882,196.0551518,,,,,,,
-17841.188,193.6006393,,,,,,,
-17679.493,191.4187653,,,,,,,
-17618.151,188.9530391,,,,,,,
-17492.725,191.5166185,,,,,,,
-17332.155,191.584282,,,,,,,
-17202.786,191.0855049,,,,,,,
-17043.816,192.709914,,,,,,,
-16916.913,188.4991758,,,,,,,
-16885.152,188.4364689,,,,,,,
-16853.635,192.9746062,,,,,,,
-16797.045,191.2709927,,,,,,,
-16727.396,193.9029437,,,,,,,
-16632.943,188.5706082,,,,,,,
-16569.994,187.6657005,,,,,,,
-16536.591,187.0879475,,,,,,,
-16507.829,187.446881,,,,,,,
-16472.425,188.4698499,,,,,,,
-16441.159,188.2127161,,,,,,,
-16410.352,188.731575,,,,,,,
-16374.393,187.1210723,,,,,,,
-16345.805,189.0320853,,,,,,,
-16314.682,188.5215344,,,,,,,
-16282.181,188.8775085,,,,,,,
-16251.792,185.6483772,,,,,,,
-16223.163,189.0114574,,,,,,,
-16189.755,184.8751082,,,,,,,
-16160.627,188.590446,,,,,,,
-16131.597,188.6407209,,,,,,,
-16100.092,187.7267727,,,,,,,
-16074.45,187.7853114,,,,,,,
-16042.042,188.9556833,,,,,,,
-16015.825,188.656499,,,,,,,
-15985.988,188.542157,,,,,,,
-15957.158,191.723791,,,,,,,
-15930.995,190.2606132,,,,,,,
-15904.603,189.5176343,,,,,,,
-15875.432,191.207399,,,,,,,
-15847.574,187.2525634,,,,,,,
-15819.713,191.7049631,,,,,,,
-15793.75,190.4114564,,,,,,,
-15767.049,189.5231391,,,,,,,
-15741.214,191.5189594,,,,,,,
-15715.057,194.3760035,,,,,,,
-15687.878,193.2102062,,,,,,,
-15662.004,195.7903929,,,,,,,
-15636.251,196.9632882,,,,,,,
-15611.459,192.6236484,,,,,,,
-15584.589,192.3704753,,,,,,,
-15560.868,191.5857344,,,,,,,
-15535.291,191.4761143,,,,,,,
-15510.991,193.0004923,,,,,,,
-15484.971,190.7573981,,,,,,,
-15460.026,191.8856674,,,,,,,
-15435.299,193.0202134,,,,,,,
-15410.496,190.5028434,,,,,,,
-15361.873,194.6514132,,,,,,,
-15337.896,195.8757391,,,,,,,
-15286.245,198.2941754,,,,,,,
-15213.698,198.6310893,,,,,,,
-15141.847,202.1012164,,,,,,,
-15044.774,204.3247383,,,,,,,
-14978.831,202.9290477,,,,,,,
-14919.315,205.1850919,,,,,,,
-14847.545,205.5254888,,,,,,,
-14783.528,210.2493948,,,,,,,
-14705.879,213.1546924,,,,,,,
-14640.012,208.4614276,,,,,,,
-14603.509,208.650109,,,,,,,
-14559.932,207.9470734,,,,,,,
-14522.034,213.9380168,,,,,,,
-14508.381,217.1872261,,,,,,,
-14481.323,211.7934498,,,,,,,
-14460.706,212.9488854,,,,,,,
-14441.886,209.5081041,,,,,,,
-14424.888,211.2133503,,,,,,,
-14404.228,214.8309479,,,,,,,
-14387.251,212.4297077,,,,,,,
-14367.429,214.5978425,,,,,,,
-14346.958,212.8436751,,,,,,,
-14328.743,214.2212289,,,,,,,
-14310.727,218.5638246,,,,,,,
-14290.564,220.4851709,,,,,,,
-14272.957,223.2363153,,,,,,,
-14258.708,227.3244742,,,,,,,
-14237.461,221.4898463,,,,,,,
-14216.707,226.19088,,,,,,,
-14201.209,224.8625785,,,,,,,
-14164.135,222.4115118,,,,,,,
-14133,224.2423601,,,,,,,
-14083.783,224.4802221,,,,,,,
-14064.67,222.3932787,,,,,,,
-14048.978,224.4079902,,,,,,,
-14045.492,223.7224507,,,,,,,
-13986.522,223.768191,,,,,,,
-13970.254,223.5107393,,,,,,,
-13894.953,222.3646872,,,,,,,
-13817.681,224.8571802,,,,,,,
-13754.787,222.1576434,,,,,,,
-13699.43,222.7583451,,,,,,,
-13596.395,223.5305343,,,,,,,
-13512.934,223.2710403,,,,,,,
-13460.078,224.7431162,,,,,,,
-13432.846,225.3879517,,,,,,,
-13395.237,228.91652,,,,,,,
-13370.944,227.643061,,,,,,,
-13330.741,225.7716291,,,,,,,
-13293.443,228.2658596,,,,,,,
-13268.875,230.1833981,,,,,,,
-13231.113,227.8435848,,,,,,,
-13206.516,228.8057322,,,,,,,
-13183.528,229.6716066,,,,,,,
-13145.81,234.4744689,,,,,,,
-13122.534,228.9948075,,,,,,,
-13084.777,225.3808352,,,,,,,
-13061.48,228.3650655,,,,,,,
-13037.256,227.6509859,,,,,,,
-13026.478,229.7867258,,,,,,,
-13003.662,228.8902955,,,,,,,
-12979.02,228.469793,,,,,,,
-12965.908,228.3587951,,,,,,,
-12954.212,228.7152896,,,,,,,
-12942.457,230.6301424,,,,,,,
-12930.662,227.8515067,,,,,,,
-12919.177,232.2212331,,,,,,,
-12907.525,233.1674386,,,,,,,
-12894.772,227.8736319,,,,,,,
-12884.75,228.4041873,,,,,,,
-12872.391,226.5069056,,,,,,,
-12860.614,227.5760817,,,,,,,
-12849.135,228.5025021,,,,,,,
-12837.831,227.7853621,,,,,,,
-12826.283,227.3927297,,,,,,,
-12813.412,224.6441299,,,,,,,
-12808.515,227.9025821,,,,,,,
-12793.189,231.4750143,,,,,,,
-12780.883,234.5366891,,,,,,,
-12768.124,230.5296191,,,,,,,
-12756.958,228.1794674,,,,,,,
-12746.689,228.9069485,,,,,,,
-12736.374,237.492439,,,,,,,
-12725.119,234.3354185,,,,,,,
-12714.087,233.4167859,,,,,,,
-12702.256,234.622083,,,,,,,
-12695.202,238.1159241,,,,,,,
-12679.987,240.1020213,,,,,,,
-12669.389,237.9707238,,,,,,,
-12656.209,237.5863296,,,,,,,
-12645.468,235.3095142,,,,,,,
-12636.185,237.9659544,,,,,,,
-12625.933,239.7650381,,,,,,,
-12613.518,239.8599977,,,,,,,
-12602.933,241.7298076,,,,,,,
-12591.662,235.8323421,,,,,,,
-12581.297,243.1737729,,,,,,,
-12570.852,241.1441164,,,,,,,
-12547.209,242.0553866,,,,,,,
-12513.583,238.6134573,,,,,,,
-12493.283,240.9489026,,,,,,,
-12472.234,242.604603,,,,,,,
-12460.597,242.5463916,,,,,,,
-12424.989,240.3252352,,,,,,,
-12404.483,238.3900589,,,,,,,
-12393.156,242.0789189,,,,,,,
-12358.608,235.8013722,,,,,,,
-12348.717,239.0367768,,,,,,,
-12323.024,240.2122954,,,,,,,
-12287.445,236.5950353,,,,,,,
-12255.559,238.3613364,,,,,,,
-12229.551,239.3606478,,,,,,,
-12206.604,239.2381868,,,,,,,
-12170.057,236.3980598,,,,,,,
-12134.472,232.8800062,,,,,,,
-12110.093,241.269165,,,,,,,
-12072.859,237.8687866,,,,,,,
-12051.788,235.9195826,,,,,,,
-11990.228,240.5703386,,,,,,,
-11921.566,237.9515852,,,,,,,
-11877.204,239.0843507,,,,,,,
-11808.73,241.1149041,,,,,,,
-11762.826,241.5913913,,,,,,,
-11695.346,238.5474752,,,,,,,
-11650.809,243.8597984,,,,,,,
-11581.749,235.8255291,,,,,,,
-11536.737,240.2542736,,,,,,,
-11468.103,237.8262926,,,,,,,
-11354.149,236.8602209,,,,,,,
-11316.965,240.4197734,,,,,,,
-11266.195,239.4098937,,,,,,,
-11222.67,236.9100647,,,,,,,
-11178.448,234.8172846,,,,,,,
-11138.223,241.5552999,,,,,,,
-11116.591,237.9090254,,,,,,,
-11093.693,238.8648011,,,,,,,
-11071.916,234.6771144,,,,,,,
-11051.057,239.4187762,,,,,,,
-11030.883,237.1480182,,,,,,,
-11009.751,240.7072617,,,,,,,
-10989.228,238.1767071,,,,,,,
-10967.105,238.7942419,,,,,,,
-10943.384,239.4354294,,,,,,,
-10923.977,241.2383064,,,,,,,
-10902.706,239.3450171,,,,,,,
-10880.152,242.1466121,,,,,,,
-10859.27,242.2333502,,,,,,,
-10835.627,241.4960201,,,,,,,
-10812.577,240.0194404,,,,,,,
-10789.914,247.2987801,,,,,,,
-10769.8,241.5919394,,,,,,,
-10747.141,244.2425219,,,,,,,
-10723.897,242.5290443,,,,,,,
-10703.637,243.9483,,,,,,,
-10679.853,246.9432776,,,,,,,
-10657.644,248.0915191,,,,,,,
-10636.604,247.0186642,,,,,,,
-10614.615,244.2749693,,,,,,,
-10593.717,249.9226267,,,,,,,
-10571.35,246.7361604,,,,,,,
-10545.838,244.4228225,,,,,,,
-10525.39,246.1791753,,,,,,,
-10504.817,245.828192,,,,,,,
-10481.925,247.6702385,,,,,,,
-10459.378,246.4034369,,,,,,,
-10438.308,243.0039985,,,,,,,
-10415.281,244.3094196,,,,,,,
-10393.121,246.9665079,,,,,,,
-10371.276,250.7315437,,,,,,,
-10351.036,248.9240191,,,,,,,
-10330.774,249.3772106,,,,,,,
-10306.477,248.9517462,,,,,,,
-10282.921,249.2318206,,,,,,,
-10261.34,249.6533401,,,,,,,
-10240.414,250.9681626,,,,,,,
-10218.481,251.4242804,,,,,,,
-10196.495,251.1387999,,,,,,,
-10174.583,253.0191365,,,,,,,
-10155.248,255.6570402,,,,,,,
-10129.849,251.0313866,,,,,,,
-10108.796,253.0980369,,,,,,,
-10087.316,248.4071332,,,,,,,
-10065.895,247.8506416,,,,,,,
-10040.691,255.3912978,,,,,,,
-10019.551,253.9931438,,,,,,,
-9998.086,248.9157021,,,,,,,
-9976.956,258.574987,,,,,,,
-9954.912,255.8965753,,,,,,,
-9933.166,251.5617445,,,,,,,
-9913.118,253.62958,,,,,,,
-9893.327,254.3101747,,,,,,,
-9870.5,257.1687108,,,,,,,
-9852.789,258.5305805,,,,,,,
-9830.723,258.2494701,,,,,,,
-9809.212,258.7419682,,,,,,,
-9790.65,255.890869,,,,,,,
-9769.717,256.0430609,,,,,,,
-9751.438,253.9908969,,,,,,,
-9732.818,254.6155973,,,,,,,
-9714.542,247.5528587,,,,,,,
-9697.924,257.1342933,,,,,,,
-9678.966,266.2202092,,,,,,,
-9661.307,261.3035571,,,,,,,
-9642.243,260.7019638,,,,,,,
-9626.406,267.092646,,,,,,,
-9609.612,262.7402713,,,,,,,
-9593.596,266.8975316,,,,,,,
-9573.934,269.5087268,,,,,,,
-9557.225,267.6634444,,,,,,,
-9540.446,267.1659883,,,,,,,
-9522.799,269.0965825,,,,,,,
-9503.064,268.8694824,,,,,,,
-9485.931,270.1434591,,,,,,,
-9467.453,264.4831387,,,,,,,
-9449.861,268.1638828,,,,,,,
-9433.156,264.8396344,,,,,,,
-9389.371,264.8062515,,,,,,,
-9366.978788,264.1,,,,,,,
-9306.567879,264.4,,,,,,,
-9250.576364,265.3,,,,,,,
-9235.870909,265,,,,,,,
-9211.063636,264.8,,,,,,,
-9139.615758,264.8,,,,,,,
-9004.478788,267.6,,,,,,,
-8885.743636,265.1,,,,,,,
-8851.809091,266,,,,,,,
-8730.48,266.9,,,,,,,
-8555.551515,267.5,,,,,,,
-8416.555758,264.9,,,,,,,
-8349.554545,265.7,,,,,,,
-8242.954545,263.4,,,,,,,
-8184.50303,264,,,,,,,
-8042.609576,264.2,,,,,,,
-7951.037879,264.4,,,,,,,
-7623.266606,263.8,,,,,,,
-7605.863939,263,,,,,,,
-7574.439455,260.9,,,,,,,
-7568.05903,260.6,,,,,,,
-7486.703455,265.2,,,,,,,
-7411.11697,263.8,,,,,,,
-7345.308848,263.7,,,,,,,
-7193.012848,262,,,,,,,
-7110.173939,259.3,,,,,,,
-7042.985758,260.4,,,,,,,
-6961.853879,260.9,,,,,,,
-6831.282364,259,,,,,,,
-6760.678182,261.8,,,,,,,
-6596.579091,260.7,,,,,,,
-6509.675758,261.3,,,,,,,
-6401.876727,258.3,,,,,,,
-6244.798788,259.3,,,,,,,
-6166.284242,259.6,,,,,,,
-6025.853939,260.8,,,,,,,
-5976.365394,259.2,,,,,,,
-5910.181636,259.7,,,,,,,
-5769.591515,260.4,,,,,,,
-5711.366364,260.1,,,,,,,
-5547.865394,258.4,,,,,,,
-5455.323818,260.7,,,,,,,
-5324.01,263,,,,,,,
-5238.070303,262.3,,,,,,,
-5088.269879,257.6,,,,,,,
-5020.077394,258.1,,,,,,,
-4930.308667,262.9,,,,,,,
-4819.652545,262.1,,,,,,,
-4732.545394,259.4,,,,,,,
-4622.291576,261.1,,,,,,,
-4451.244848,261.2,,,,,,,
-4387.206909,262.7,,,,,,,
-4351.963333,263.2,,,,,,,
-4139.807879,265.5,,,,,,,
-4049.376061,266.7,,,,,,,
-3984.091455,260.7,,,,,,,
-3902.259636,265.5,,,,,,,
-3807.606364,265.9,,,,,,,
-3631.297333,267.6,,,,,,,
-3583.289576,265.2,,,,,,,
-3407.548545,265.3,,,,,,,
-3361.175758,267.6,,,,,,,
-3268.566182,269.8,,,,,,,
-3136.789939,268.6,,,,,,,
-3031.579879,269.3,,,,,,,
-2971.201818,270.7,,,,,,,
-2823.001515,271.5,,,,,,,
-2697.462909,269.8,,,,,,,
-2642.819273,269.1,,,,,,,
-2544.362424,271.1,,,,,,,
-2392.822424,271.5,,,,,,,
-2325.076667,272.8,,,,,,,
-2255.842364,271.6,,,,,,,
-2158.666727,271.7,,,,,,,
-2018.950606,274.9,,,,,,,
-1906.166364,275.4,,,,,,,
-1856.85697,271.5,,,,,,,
-1743.407697,273,,,,,,,
-1694.462727,273.4,,,,,,,
-1578.287879,275,,,,,,,
-1481.119273,274,,,,,,,
-1333.661576,273.1,,,,,,,
-1305.728182,276.3,,,,,,,
-1106.604242,274.6,,,,,,,
-998.816303,276.3,,,,,,,
-954.5469091,274.7,,,,,,,
-851.7606667,275.3,,,,,,,
-758.4754545,278.9,,,,,,,
-678.0157576,273.9,,,,,,,
-576.1249697,277.9,,,,,,,
-464.3166667,277.6,,,,,,,
-315.5493333,276.7,,,,,,,
-284.2352727,276.7,,,,,,,
-143.3590909,276.9,,,,,,,
-49.70909091,278,,,,,,,
1,276.7,,,,,,,
30,277.9,,,,,,,
56,277.4,,,,,,,
104,277.5,,,,,,,
136,278.1,,,,,,,
153.53076,278.0719954,,,,,,,
174.53362,277.5558921,,,,,,,
240.6014,280.2490872,,,,,,,
266.09531,278.3143999,,,,,,,
274.44392,280.2444922,,,,,,,
295.60457,280.9089599,,,,,,,
317.54579,281.6921389,,,,,,,
357.33356,277.7953778,,,,,,,
384.22688,277.2469179,,,,,,,
406.36455,279.1252091,,,,,,,
436.93834,279.9999147,,,,,,,
488.13194,277.1056915,,,,,,,
517.95611,276.7895191,,,,,,,
551.62162,276.5590465,,,,,,,
557.46833,278.4608976,,,,,,,
582.40769,276.1960375,,,,,,,
614.52456,277.8697161,,,,,,,
636.99923,279.5880502,,,,,,,
669.17636,278.454968,,,,,,,
701.24993,277.0989409,,,,,,,
730.4335,279.9902637,,,,,,,
762.29546,279.2937108,,,,,,,
793.10496,279.7246992,,,,,,,
822.32778,278.6230032,,,,,,,
875.4102,279.4204406,,,,,,,
914.12816,280.1055259,,,,,,,
957.65264,277.4071684,,,,,,,
982.65417,278.7402402,,,,,,,
1017.57791,279.7987034,,,,,,,
1019.27216,280.0645297,,,,,,,
1040.07917,280.9161702,,,,,,,
1049.17706,280.9667443,,,,,,,
1070.2027,282.844416,,,,,,,
1099.4098,283.0944583,,,,,,,
1115.6089,282.8416314,,,,,,,
1146.2869,284.5105844,,,,,,,
1165.9816,283.9659747,,,,,,,
1199.8114,284.5400442,,,,,,,
1210.955,283.6882892,,,,,,,
1251.2694,282.4131105,,,,,,,
1259.5071,282.1992861,,,,,,,
1278.1968,278.4312489,,,,,,,
1307.4472,281.578409,,,,,,,
1330.12,284.0676433,,,,,,,
1348.8499,278.3621212,,,,,,,
1390.3321,280.9115788,,,,,,,
1410.8606,279.6965499,,,,,,,
1428.8044,279.7256959,,,,,,,
1449.1638,282.2265804,,,,,,,
1469.3968,280.3125047,,,,,,,
1501.5286,283.1247804,,,,,,,
1529.6757,283.9478904,,,,,,,
1549.6475,283.5296826,,,,,,,
1559.8629,281.8290415,,,,,,,
1573.0129,282.5698275,,,,,,,
1588.1767,281.1089282,,,,,,,
1590.9906,279.3568611,,,,,,,
1603.4186,275.0665778,,,,,,,
1609.4608,271.1090305,,,,,,,
1628.5993,273.7807623,,,,,,,
1639.8145,276.6872123,,,,,,,
1649.0969,278.0152295,,,,,,,
1681.8943,276.6596678,,,,,,,
1689.7414,276.3246168,,,,,,,
1694.0664,277.3580509,,,,,,,
1722.8644,278.2701102,,,,,,,
1723.0074,277.0133098,,,,,,,
1733.872,278.3109425,,,,,,,
1741.2572,276.809,,,,,,,
1749.1199,277.6000739,,,,,,,
1751.9316,276.4573287,,,,,,,
1752.1294,278.0020011,,,,,,,
1762.8782,277.1556866,,,,,,,
1763.6968,276.396102,,,,,,,
1773.4555,277.8559525,,,,,,,
1779.4891,280.2362982,,,,,,,
1780.2999,273.073717,,,,,,,
1794.0965,281.617118,,,,,,,
1795.9435,282.3047107,,,,,,,
1796.4715,280.4044367,,,,,,,
1799.3364,282.7995519,,,,,,,
1813.6597,284.4312876,,,,,,,
1824.745,281.3603653,,,,,,,
1826.9223,285.9089399,,,,,,,
1832.873776,285.0861667,,,,,,,
1833.1772,283.8203923,,,,,,,
1836.7002,284.151984,,,,,,,
1840.828157,283.6545457,,,,,,,
1843.293213,281.5814826,,,,,,,
1844.46111,283.5311237,,,,,,,
1844.654654,283.182872,,,,,,,
1845.904891,283.6198857,,,,,,,
1847.3218,286.8392375,,,,,,,
1850.262382,284.001634,,,,,,,
1850.827,288.7903954,,,,,,,
1851.105647,285.4658309,,,,,,,
1853.708275,288.0544375,,,,,,,
1854.718381,285.5655772,,,,,,,
1856.620328,283.1621007,,,,,,,
1858.844041,286.6330756,,,,,,,
1861.834481,287.1745622,,,,,,,
1862.978556,285.3533188,,,,,,,
1864.128382,286.6541582,,,,,,,
1866.743888,285.0522923,,,,,,,
1867.7304,287.9922513,,,,,,,
1868.414913,289.5361449,,,,,,,
1869.656122,287.9864944,,,,,,,
1870.044686,286.3257815,,,,,,,
1872.826378,286.6550967,,,,,,,
1873.73798,291.5581975,,,,,,,
1876.905217,289.3281311,,,,,,,
1879.950584,287.7707292,,,,,,,
1882.922354,292.4639348,,,,,,,
1883.791472,289.7624132,,,,,,,
1884.1799,289.2265988,,,,,,,
1885.600129,288.1157637,,,,,,,
1887.394467,294.3417875,,,,,,,
1889.007481,292.3423879,,,,,,,
1889.868942,290.9175394,,,,,,,
1892.390519,295.1719293,,,,,,,
1892.878396,294.8594308,,,,,,,
1893.0603,295.3164627,,,,,,,
1893.658821,293.1665417,,,,,,,
1893.756325,293.8088307,,,,,,,
1898.65716,295.2814575,,,,,,,
1898.942405,297.0473645,,,,,,,
1900.178351,294.2207216,,,,,,,
1901.701875,295.6106368,,,,,,,
1903.906525,295.9913578,,,,,,,
1905.350804,299.0235966,,,,,,,
1905.543563,297.3282186,,,,,,,
1905.7742,299.6268629,,,,,,,
1908.523908,301.5041354,,,,,,,
1909.764769,297.8691068,,,,,,,
1910.715851,298.106247,,,,,,,
1911.095388,297.7268154,,,,,,,
1911.285014,299.2572775,,,,,,,
1912.51514,301.2977262,,,,,,,
1914.392996,300.7000887,,,,,,,
1915.786031,301.9151507,,,,,,,
1917.874588,303.8522213,,,,,,,
1918.668399,304.6132073,,,,,,,
1919.707781,301.8758604,,,,,,,
1922.505042,303.1815383,,,,,,,
1922.836883,306.1986243,,,,,,,
1924.748381,304.7159147,,,,,,,
1925.313043,304.9691568,,,,,,,
1927.79646,308.0187419,,,,,,,
1928.1568,305.6678685,,,,,,,
1928.539307,305.7053722,,,,,,,
1928.7436,305.7829415,,,,,,,
1929.386326,305.3808267,,,,,,,
1930.829694,305.7409187,,,,,,,
1932.293604,308.2555622,,,,,,,
1932.537299,308.2791992,,,,,,,
1932.780924,305.9440282,,,,,,,
1933.593049,307.0755443,,,,,,,
1933.876425,309.6306261,,,,,,,
1935.056301,306.3197984,,,,,,,
1935.709457,307.2585986,,,,,,,
1935.873358,309.3446869,,,,,,,
1936.863214,307.4076932,,,,,,,
1937.766693,312.3293255,,,,,,,
1937.86788,311.5205097,,,,,,,
1938.129852,311.9410288,,,,,,,
1938.1616,308.4798278,,,,,,,
1938.967723,310.4566675,,,,,,,
1939.222485,311.2117943,,,,,,,
1939.591827,310.9510867,,,,,,,
1939.969,309.800915,,,,,,,
1940.754009,307.7386636,,,,,,,
1940.839415,311.8022677,,,,,,,
1941.779698,312.3939386,,,,,,,
1942.035413,312.843733,,,,,,,
1942.207341,311.8780536,,,,,,,
1943.573648,312.3616402,,,,,,,
1944.509043,310.2243096,,,,,,,
1944.764323,311.2775835,,,,,,,
1944.96281,310.4402044,,,,,,,
1945.387389,311.8114965,,,,,,,
1945.55722,311.9671347,,,,,,,
1945.615839,312.5596868,,,,,,,
1946.62686,312.8663621,,,,,,,
1946.663397,310.3629002,,,,,,,
1947.706487,311.57095,,,,,,,
1948.774055,309.6939936,,,,,,,
1949.668472,313.6602846,,,,,,,
1950.2509,312.0017776,,,,,,,
1952.383918,312.1844627,,,,,,,
1953.558561,312.2227408,,,,,,,
1953.713937,312.8003638,,,,,,,
1953.791544,313.171057,,,,,,,
1954.795965,314.7139613,,,,,,,
1956.1572,315.3420739,,,,,,,
1957.103747,314.4370578,,,,,,,
1957.203374,316.3253802,,,,,,,
1957.257539,315.2703546,,,,,,,
1957.872424,314.5721663,,,,,,,
1958.102786,316.1014029,,,,,,,
1958.562971,316.33402,,,,,,,
1959,,315.98,,,,,,
1959.092696,311.9838924,,,,,,,
1960,,316.91,,,,,,
1960.314045,313.0933881,,,,,,,
1960.568662,318.2065804,,,,,,,
1961,,317.64,,,,,,
1961.7159,316.5926101,,,,,,,
1962,,318.45,,,,,,
1962.321916,317.521628,,,,,,,
1962.395341,319.1381732,,,,,,,
1962.542092,317.4481355,,,,,,,
1962.61528,318.6110626,,,,,,,
1963,,318.99,,,,,,
1963.200018,319.0660644,,,,,,,
1963.564496,319.123473,,,,,,,
1964,,319.62,,,,,,
1965,,320.04,,,,,,
1965.226349,319.8929363,,,,,,,
1965.297878,319.1950596,,,,,,,
1965.866012,320.9815664,,,,,,,
1966,,321.37,,,,,,
1966.545235,322.1747797,,,,,,,
1966.789044,320.4923554,,,,,,,
1967,,322.18,,,,,,
1968,,323.05,,,,,,
1968.538749,320.3806508,,,,,,,
1968.813869,324.0855174,,,,,,,
1968.984371,325.0771759,,,,,,,
1969,,324.62,,,,,,
1969.423218,324.7060576,,,,,,,
1970,,325.68,,,,,,
1970.221683,324.5570617,,,,,,,
1970.63715,324.9059937,,,,,,,
1970.656302,326.6491948,,,,,,,
1970.872682,326.3093257,,,,,,,
1971,,326.32,,,,,,
1972,,327.46,,,,,,
1972.041018,330.3504422,,,,,,,
1972.088334,328.415888,,,,,,,
1973,,329.68,,,,,,
1974,,330.19,333.742,,,,,
1974.133413,331.5498057,,,,,,,
1975,,331.13,333.651,,,,,
1975.570921,332.3656863,,,,,,,
1976,,332.03,333.349,331.452,329.769,,,
1976.67037,332.3689555,,,,,,,
1976.79675,335.5469535,,,,,,,
1977,,333.84,334.775,332.665,331.608,331.697,,
1978,,335.41,336.664,,333.334,333.476,,
1979,,336.84,337.933,336.325,,335.26,,
1979.14259,334.8485555,,,,,,,
1980,,338.76,340.165,338.028,337.077,336.526,,
1981,,340.12,342.302,339.146,338.612,337.632,,
1982,,341.48,343.108,340.322,339.728,338.118,,
1983,,343.15,344.32,341.769,341.104,340.021,,
1983.025919,339.4604885,,,,,,,
1983.07685,341.3292967,,,,,,,
1984,,344.87,346.091,343.756,343.006,341.839,,
1984.916753,342.0519764,,,,,,,
1985,,346.35,347.176,344.903,344.168,343.26,,
1985.76218,343.1107521,,,,,,,
1986,,347.61,348.983,346.328,345.52,344.467,,
1986.143228,343.9736768,,,,,,,
1986.616016,344.7177686,,,,,,,
1987,,349.31,350.057,348.063,347.282,346.132,,
1987.208592,345.441206,,,,,,,
1988,,351.69,353.113,350.383,349.203,348.3,,
1988.069512,347.5974056,,,,,,,
1988.966335,349.2784146,,,,,,,
1989,,353.2,355.272,351.718,351.087,349.5,,
1989.407968,349.8002704,,,,,,,
1989.9714,350.8086522,,,,,,,
1990,,354.45,355.992,353.002,352.232,350.978,,
1991,,355.7,357.815,354.269,353.137,352.673,,
1991.134817,352.4163084,,,,,,,
1992,,356.54,357.863,355.165,354.371,354.183,,
1992.313517,353.7242358,,,,,,,
1993,,357.21,358.177,355.977,355.223,355.033,360.8,356.89
1993.08,353.9466853,,,,,,,
1994,,358.96,360.161,357.721,356.667,356.499,361.23,358.62
1994.405642,357.1067397,,,,,,,
,,,,,,,,
1995,,360.97,362.452,359.723,358.518,358.465,363.22,360.59
1996,,362.74,364.308,361.239,360.186,359.995,363.66,362.7
1996.279272,359.6477932,,,,,,,
1997,,363.88,365.224,362.408,361.548,361.355,364.83,363.99
1998,361.7807366,366.84,367.879,364.902,364.031,363.869,367.98,366.06
1999,,368.54,369.648,367.321,365.943,365.782,370.83,368.31
1999,,,,,,,,
1999,,,,,,,,
1999,,,,,,,,
1999,,,,,,,,
1999,,,,,,,,
1999,,,,,,,,
2000,,369.71,371.358,368.628,367.263,367.037,371.86,369.13
2001,,371.32,372.837,369.993,368.884,368.548,,370.97
2001.03,368.0224879,,,,,,,
2003,,375.98,377.565,374.31,373.222,372.997,,
2004,,377.7,378.891,376.23,375.073,374.884,,
2005,,379.98,381.311,378.215,376.943,376.883,,
2006,,382.09,383.691,380.188,378.885,378.809,,
2007,,384.02,385.138,382.279,380.908,380.695,,
2008,,385.83,387.613,384.056,382.908,382.826,,
2009,,387.64,388.52,385.787,384.452,384.386,,
2010,,390.1,391.163,387.733,386.333,386.2,,
2011,,391.85,393.367,389.765,388.178,388.074,,
2012,,394.06,395.214,391.837,390.243,390.118,,
2013,,396.74,398.083,394.522,393,392.961,,
2014,,398.82,399.968,396.407,395.031,394.985,,
2015,,401.02,402.108,398.669,397.452,397.456,,
2016,,404.41,404.907,402.011,400.599,400.623,,
2017,,406.77,408.475,404.256,402.596,402.565,,
2018,,408.72,410.479,406.567,405.218,405.027,,
2019,,411.66,412.616,409.257,407.632,407.478,,
2020,,414.21,415.412,,409.991,409.825,,
2021,,416.41,417.641,413.605,412.073,412.023,,
2022,,418.53,420.243,415.851,414.42,414.361,,
2023,,421.08,421.987,418.139,416.503,416.378,,
