time,ohc_mean,ohc_min,ohc_max
19750616,-1.0488253414757022e+23,-1.6663777387952876e+23,-1.1746278227358582e+22
19750716,-1.0633292319263949e+23,-1.6720476206061597e+23,-1.3044390060627327e+22
19750816,-1.0793576713527958e+23,-1.6844714006582113e+23,-1.457066841859249e+22
19750916,-1.0934124452095486e+23,-1.6980486876828216e+23,-1.6397438859469826e+22
19751016,-1.1066072537150552e+23,-1.714040924923618e+23,-1.8320007056870819e+22
19751116,-1.1134759655992356e+23,-1.7238505755599638e+23,-1.955650054621289e+22
19760016,-1.1176653310662059e+23,-1.731880388611574e+23,-2.0473499107840087e+22
19760116,-1.1183537047680496e+23,-1.7359128516699267e+23,-2.112749795962798e+22
19760216,-1.1147956360700956e+23,-1.7351423007856822e+23,-2.1355663546074475e+22
19760316,-1.1081378521509629e+23,-1.731338575552404e+23,-2.1200907102679082e+22
19760416,-1.0996726145741799e+23,-1.726195524825942e+23,-2.0866044204185763e+22
19760516,-1.0929215614820647e+23,-1.7229927299029423e+23,-2.0652925800869257e+22
19760616,-1.0870082116976372e+23,-1.7200055523181026e+23,-2.0483282145955637e+22
19760716,-1.0765129810924165e+23,-1.712117752774742e+23,-2.008242481207272e+22
19760816,-1.0637551403455549e+23,-1.7017439362130754e+23,-1.95137570697995e+22
19760916,-1.0542530198862641e+23,-1.6944096440759174e+23,-1.8886780754025754e+22
19761016,-1.0450316151718466e+23,-1.6868737858314372e+23,-1.8395935307138488e+22
19761116,-1.0334273643388364e+23,-1.6763324353636325e+23,-1.8044561930936251e+22
19770016,-1.0232843354906743e+23,-1.6671568615308227e+23,-1.7730429852127655e+22
19770116,-1.0150338757060206e+23,-1.6597425554402852e+23,-1.7307871172840317e+22
19770216,-1.0158195046418173e+23,-1.6613529676070392e+23,-1.801519902431575e+22
19770316,-1.0201374628901477e+23,-1.666411770996472e+23,-1.9035879081264303e+22
19770416,-1.0270827975171884e+23,-1.6733272884162792e+23,-2.013873237996381e+22
19770516,-1.0346187912449575e+23,-1.680013677699045e+23,-2.142755544517611e+22
19770616,-1.0396850495929733e+23,-1.6838020906935903e+23,-2.2569032552529875e+22
19770716,-1.0456188663612073e+23,-1.6883574366806793e+23,-2.377895630527033e+22
19770816,-1.057350636242366e+23,-1.6986892796938188e+23,-2.547610714407244e+22
19770916,-1.0679356611181573e+23,-1.7077843141532924e+23,-2.7008910279647743e+22
19771016,-1.0796003305549181e+23,-1.717873623314499e+23,-2.8347446704646744e+22
19771116,-1.0949039724792391e+23,-1.731076526102086e+23,-2.9961556232869723e+22
19780016,-1.1127940112157106e+23,-1.746744849445683e+23,-3.2070952413987498e+22
19780116,-1.1281774252125813e+23,-1.7597146008805612e+23,-3.4311709964336387e+22
19780216,-1.141833580399766e+23,-1.7700017831973957e+23,-3.629062335345036e+22
19780316,-1.155494891833224e+23,-1.7797449907272393e+23,-3.827687479520718e+22
19780416,-1.1743894209365836e+23,-1.7943882947956468e+23,-4.084636209195685e+22
19780516,-1.191282379604054e+23,-1.8071302391493736e+23,-4.316362547922561e+22
19780616,-1.2067154409079167e+23,-1.819276507392387e+23,-4.516939364526761e+22
19780716,-1.2202034755951116e+23,-1.829609251125452e+23,-4.691457077667101e+22
19780816,-1.2307407397968544e+23,-1.8364423376600798e+23,-4.856795066156974e+22
19780916,-1.2437561881312515e+23,-1.8459419454860786e+23,-5.0855320468061914e+22
19781016,-1.2581980728346248e+23,-1.856402261184588e+23,-5.368182444254593e+22
19781116,-1.2777055076949722e+23,-1.8716204497454297e+23,-5.689517580307205e+22
19790016,-1.2937868884361928e+23,-1.8833191502574747e+23,-5.958020201001198e+22
19790116,-1.3134986193358369e+23,-1.8991077947711165e+23,-6.258244563680523e+22
19790216,-1.3306505379842807e+23,-1.912136303169133e+23,-6.53516032130841e+22
19790316,-1.346527258645235e+23,-1.9239162035824597e+23,-6.800498037364269e+22
19790416,-1.3579605177458427e+23,-1.931784487527435e+23,-7.0162613296819346e+22
19790516,-1.367757655881224e+23,-1.9366149884397574e+23,-7.208778579452986e+22
19790616,-1.3790214738012516e+23,-1.9423891135700042e+23,-7.422402399237672e+22
19790716,-1.3917322217203598e+23,-1.9490748123008268e+23,-7.62871875332698e+22
19790816,-1.402297046450622e+23,-1.9537422228586436e+23,-7.778890945131678e+22
19790916,-1.4089310348505233e+23,-1.955262833248828e+23,-7.855326938727335e+22
19791016,-1.4144253198107241e+23,-1.956449276546661e+23,-7.892137710761598e+22
19791116,-1.4178009778994211e+23,-1.95531743188831e+23,-7.916270549604838e+22
19800016,-1.423645985934803e+23,-1.957386835917087e+23,-7.977422189255128e+22
19800116,-1.4315151630937045e+23,-1.96147199109108e+23,-8.055592744247267e+22
19800216,-1.4432803547506478e+23,-1.9680682333213043e+23,-8.17692174482846e+22
19800316,-1.4549502187142789e+23,-1.9742415875465187e+23,-8.324532551875089e+22
19800416,-1.4622719097796796e+23,-1.9761979512246485e+23,-8.452995779685993e+22
19800516,-1.4694442794958353e+23,-1.9782954276911023e+23,-8.595260738914938e+22
19800616,-1.4747863082610337e+23,-1.9775632324636844e+23,-8.714087014123207e+22
19800716,-1.4825459113398015e+23,-1.978829509570912e+23,-8.888450253796328e+22
19800816,-1.4910996078698655e+23,-1.981369915060718e+23,-9.080941119979562e+22
19800916,-1.498101609414517e+23,-1.982499628015245e+23,-9.27136584724375e+22
19801016,-1.5015672088913722e+23,-1.9801828712829347e+23,-9.450681920607071e+22
19801116,-1.4993279951374455e+23,-1.9719524228679248e+23,-9.559390934312447e+22
19810016,-1.4978026304472546e+23,-1.9639934814624506e+23,-9.663764107476572e+22
19810116,-1.495546546209124e+23,-1.9549874681556116e+23,-9.751795218792846e+22
19810216,-1.4947765597760329e+23,-1.9486037207678053e+23,-9.842902964194557e+22
19810316,-1.4908718548319098e+23,-1.9380265816949615e+23,-9.88548457373134e+22
19810416,-1.4821835734811815e+23,-1.9218447278978543e+23,-9.868416906923523e+22
19810516,-1.4775346246794371e+23,-1.9106174942187996e+23,-9.893241873969496e+22
19810616,-1.4792640985095397e+23,-1.9068835147317504e+23,-9.976547583376752e+22
19810716,-1.4793246058717334e+23,-1.90254815457446e+23,-9.998163510508242e+22
19810816,-1.4812218252771566e+23,-1.900419408114593e+23,-1.003773611501399e+23
19810916,-1.483097751663542e+23,-1.8970273268992553e+23,-1.008276032686867e+23
19811016,-1.4857838591096924e+23,-1.8941602302924798e+23,-1.0135239947666487e+23
19811116,-1.4929910281401685e+23,-1.8970726931595014e+23,-1.0263285541671946e+23
19820016,-1.5028638297516892e+23,-1.9020473993318926e+23,-1.0424917630618448e+23
19820116,-1.5131930366578468e+23,-1.9072967500215594e+23,-1.0596489539242524e+23
19820216,-1.523217993883978e+23,-1.913181483558654e+23,-1.0782335006405602e+23
19820316,-1.5369215032953445e+23,-1.924179769244652e+23,-1.099090661306831e+23
19820416,-1.5563334138051958e+23,-1.940881143282774e+23,-1.1247545513853911e+23
19820516,-1.575623533470324e+23,-1.9579947317947894e+23,-1.14718255258969e+23
19820616,-1.5953574483511327e+23,-1.9755301724839005e+23,-1.1708257000334472e+23
19820716,-1.6201994720300945e+23,-1.9979423510415086e+23,-1.2023435040156524e+23
19820816,-1.6466937448151484e+23,-2.0213748050826987e+23,-1.2338741807867925e+23
19820916,-1.6764551704630773e+23,-2.0481607595024188e+23,-1.266845153754762e+23
19821016,-1.7041545344508215e+23,-2.0728863170926172e+23,-1.2958357252760714e+23
19821116,-1.7335260939874077e+23,-2.0997198445364012e+23,-1.3242111125942812e+23
19830016,-1.7606725090153033e+23,-2.1246277979115078e+23,-1.3494645971447985e+23
19830116,-1.7891953246697153e+23,-2.151024716383417e+23,-1.3755742009724803e+23
19830216,-1.820109111874697e+23,-2.1798832723876493e+23,-1.4010759989944521e+23
19830316,-1.8521541237424808e+23,-2.2095706558553043e+23,-1.428294283966401e+23
19830416,-1.8855661267159593e+23,-2.240643061340362e+23,-1.4585103525003123e+23
19830516,-1.9163643260341048e+23,-2.2689406940110052e+23,-1.4886385032634979e+23
19830616,-1.941984260980302e+23,-2.2919917682237507e+23,-1.514717550167708e+23
19830716,-1.9588230233298562e+23,-2.3058684545515886e+23,-1.531925316453931e+23
19830816,-1.972032063022535e+23,-2.3163367716454363e+23,-1.5467284382611152e+23
19830916,-1.9862849965764425e+23,-2.3277227572113555e+23,-1.563751617010611e+23
19831016,-2.0023794865455782e+23,-2.340933376166304e+23,-1.582539178492121e+23
19831116,-2.0185933909600337e+23,-2.353714681980774e+23,-1.5998668381064243e+23
19840016,-2.0370429873135074e+23,-2.3684861735065752e+23,-1.6198096779763463e+23
19840116,-2.0501365487069414e+23,-2.3777746375700443e+23,-1.63540504300598e+23
19840216,-2.0567805741292122e+23,-2.3804463229889882e+23,-1.644308644457293e+23
19840316,-2.0580254471286114e+23,-2.377977359601271e+23,-1.6482928439396387e+23
19840416,-2.066290288032775e+23,-2.382222182394053e+23,-1.65917711349507e+23
19840516,-2.0811416523991676e+23,-2.3932418151422844e+23,-1.6765209410320354e+23
19840616,-2.0932148602466258e+23,-2.4016433553071378e+23,-1.6899625646238704e+23
19840716,-2.110225166207187e+23,-2.4149539841978115e+23,-1.709044466365027e+23
19840816,-2.1247964216887556e+23,-2.4253536964573355e+23,-1.726954381363154e+23
19840916,-2.1389886782448833e+23,-2.4359835726818154e+23,-1.742368971903745e+23
19841016,-2.153557273600272e+23,-2.4463614424831467e+23,-1.758178678251644e+23
19841116,-2.1642343325368488e+23,-2.453113944608442e+23,-1.7717430399453237e+23
19850016,-2.171261497193818e+23,-2.4564180254870612e+23,-1.7827604659297378e+23
19850116,-2.1783838439277126e+23,-2.4600337554598945e+23,-1.7938854078492557e+23
19850216,-2.1807941314170845e+23,-2.45946987476255e+23,-1.803689459010065e+23
19850316,-2.1861618276977595e+23,-2.4616817876955356e+23,-1.8167813180428397e+23
19850416,-2.186817617856299e+23,-2.45951495579482e+23,-1.82503641615981e+23
19850516,-2.1847178775804325e+23,-2.454692921649797e+23,-1.829863284168433e+23
19850616,-2.1879761028076454e+23,-2.4552509626796245e+23,-1.8415812600868834e+23
19850716,-2.1896867620997047e+23,-2.455167480954532e+23,-1.8522503026161227e+23
19850816,-2.191027834989544e+23,-2.4546578536206986e+23,-1.8596457686482192e+23
19850916,-2.186290489534314e+23,-2.4475402146496146e+23,-1.862950059694821e+23
19851016,-2.1842111445599597e+23,-2.443303798576137e+23,-1.8699427538002428e+23
19851116,-2.1853280973155424e+23,-2.441868891686862e+23,-1.8798575634878878e+23
19860016,-2.1861741885775365e+23,-2.440108929988482e+23,-1.8895373603349777e+23
19860116,-2.187217726654394e+23,-2.4382748840762316e+23,-1.8991617629066513e+23
19860216,-2.1942198663094343e+23,-2.4423260370730376e+23,-1.9116593719685943e+23
19860316,-2.2017245656492926e+23,-2.4469485917785658e+23,-1.922977503300128e+23
19860416,-2.2030535298609334e+23,-2.4457749987516693e+23,-1.926844744300151e+23
19860516,-2.2041619497964224e+23,-2.4440600280135666e+23,-1.930209293509767e+23
19860616,-2.2074798447162987e+23,-2.4444739688673168e+23,-1.934871615000005e+23
19860716,-2.213586969005393e+23,-2.4483455032989847e+23,-1.9398945847484022e+23
19860816,-2.2239873477976615e+23,-2.4567713178658296e+23,-1.9503342739606187e+23
19860916,-2.2344105778544398e+23,-2.4646552293015118e+23,-1.960676415204906e+23
19861016,-2.2416434489279893e+23,-2.469200832501407e+23,-1.9667724276125196e+23
19861116,-2.2466425976367582e+23,-2.4718844524593632e+23,-1.9723224085893122e+23
19870016,-2.2540876603103507e+23,-2.4768705527388117e+23,-1.9799784979318446e+23
19870116,-2.2619628707915527e+23,-2.482405776920825e+23,-1.9885700449649767e+23
19870216,-2.2666355745801315e+23,-2.4842149779751312e+23,-1.9958231822368495e+23
19870316,-2.2656125939343735e+23,-2.480366156697584e+23,-1.9985939918835917e+23
19870416,-2.2659606050919786e+23,-2.4775224037488773e+23,-2.0018067097377702e+23
19870516,-2.2617168391439094e+23,-2.470168100617375e+23,-2.0010327511298077e+23
19870616,-2.2565328026584388e+23,-2.4621988910047503e+23,-2.0006102084007692e+23
19870716,-2.2500984197988217e+23,-2.451932710474178e+23,-1.9998548646712667e+23
19870816,-2.2408966650401783e+23,-2.4392846211366855e+23,-1.9966722308625987e+23
19870916,-2.2365497696630423e+23,-2.4319712857497937e+23,-1.9978155596999993e+23
19871016,-2.2368700356445435e+23,-2.4303631704188496e+23,-2.0022633897519844e+23
19871116,-2.2359407899190294e+23,-2.426836461598651e+23,-2.003137028031699e+23
19880016,-2.232691788063853e+23,-2.4212781639745465e+23,-2.0018240485963355e+23
19880116,-2.2295382835375756e+23,-2.415649370004275e+23,-2.0009331765420465e+23
19880216,-2.2229842100118616e+23,-2.4064547009090454e+23,-1.992947468742787e+23
19880316,-2.2164680417830117e+23,-2.3973671874609495e+23,-1.9844160147406827e+23
19880416,-2.2150360081902988e+23,-2.3938171950306773e+23,-1.9856703873328954e+23
19880516,-2.218260030079542e+23,-2.3946954720180082e+23,-1.9923979245042565e+23
19880616,-2.2178330648156693e+23,-2.391401944574516e+23,-1.9942070805225664e+23
19880716,-2.2161486555046383e+23,-2.386353949824189e+23,-1.99442760678432e+23
19880816,-2.2125915383797552e+23,-2.379915798952884e+23,-1.9923828524575037e+23
19880916,-2.205425392638285e+23,-2.3703447490247962e+23,-1.9862838526621372e+23
19881016,-2.193397665142263e+23,-2.3550396860271425e+23,-1.9777758924380888e+23
19881116,-2.1819331247892438e+23,-2.3404901018669807e+23,-1.970561095811044e+23
19890016,-2.1726560488280324e+23,-2.3281721113701756e+23,-1.9644820019260303e+23
19890116,-2.1630010037644946e+23,-2.316051108321072e+23,-1.9551682876806505e+23
19890216,-2.15704072384485e+23,-2.308288223619376e+23,-1.9503619861103256e+23
19890316,-2.1571383949111685e+23,-2.3067137351656498e+23,-1.9543963707045192e+23
19890416,-2.1566869720989197e+23,-2.3043436408017524e+23,-1.956522399992611e+23
19890516,-2.1564804610392064e+23,-2.3022420660596373e+23,-1.9575788243692017e+23
19890616,-2.156046845459884e+23,-2.3002266301663953e+23,-1.9565069826698864e+23
19890716,-2.1569757489118265e+23,-2.3004594362431327e+23,-1.9577329825844466e+23
19890816,-2.1591140850364995e+23,-2.3015324488783514e+23,-1.961428516342677e+23
19890916,-2.162457863644634e+23,-2.3060328209259887e+23,-1.9653698265445713e+23
19891016,-2.1686474728621035e+23,-2.314077330724383e+23,-1.972492389451248e+23
19891116,-2.175847608771162e+23,-2.322376353949719e+23,-1.9815974068898955e+23
19900016,-2.182938775583636e+23,-2.3314424903115833e+23,-1.9912695626296177e+23
19900116,-2.1902283049428975e+23,-2.341078286990314e+23,-2.0016238185569027e+23
19900216,-2.196658862745231e+23,-2.3483441994731297e+23,-2.0126883822174164e+23
19900316,-2.199418929805662e+23,-2.3512110108519287e+23,-2.0174125981785333e+23
19900416,-2.1938672224490122e+23,-2.3477661024129616e+23,-2.0128618308510653e+23
19900516,-2.1847646219421643e+23,-2.3408711964674487e+23,-2.0041016240118882e+23
19900616,-2.1768065632422175e+23,-2.333808801651794e+23,-1.9976454137060772e+23
19900716,-2.1666836362109926e+23,-2.3234290253266205e+23,-1.987012820309822e+23
19900816,-2.1560998318107e+23,-2.3143957952660333e+23,-1.975892081749956e+23
19900916,-2.1481684254133477e+23,-2.307001184917866e+23,-1.9705573428113543e+23
19901016,-2.1383110366209517e+23,-2.2982879806467997e+23,-1.9622396746835614e+23
19901116,-2.1253307227437477e+23,-2.288673035634344e+23,-1.9493530296738072e+23
19910016,-2.1108620682688896e+23,-2.276274445716208e+23,-1.9340401754487982e+23
19910116,-2.091019694699455e+23,-2.2552715485659954e+23,-1.915143551796312e+23
19910216,-2.075124356908241e+23,-2.2390451241445757e+23,-1.9010178013970817e+23
19910316,-2.0630962090762545e+23,-2.2269596845205296e+23,-1.8915144856073896e+23
19910416,-2.056819851522762e+23,-2.2173805881611074e+23,-1.88586814261057e+23
19910516,-2.053781975415717e+23,-2.21098017745468e+23,-1.884450979903827e+23
19910616,-2.051203916830627e+23,-2.2055781997736415e+23,-1.883740777254589e+23
19910716,-2.0522918093590142e+23,-2.2028247590094623e+23,-1.886873165903414e+23
19910816,-2.0546793866966656e+23,-2.1991608104966188e+23,-1.890099004244507e+23
19910916,-2.0590715792788535e+23,-2.1957608780059302e+23,-1.894085560610658e+23
19911016,-2.0642237693101595e+23,-2.1923285646339212e+23,-1.899566921741128e+23
19911116,-2.075339989258399e+23,-2.1938672644826086e+23,-1.9106193106706494e+23
19920016,-2.085499179273824e+23,-2.1948654873400153e+23,-1.9226970791633305e+23
19920116,-2.099802233387984e+23,-2.2038831499578906e+23,-1.9406219761362177e+23
19920216,-2.1111767047508566e+23,-2.20842567569804e+23,-1.9577629315219686e+23
19920316,-2.1189295524301826e+23,-2.2094251145273462e+23,-1.968236352695394e+23
19920416,-2.1268500300924395e+23,-2.2121103557811685e+23,-1.9788783285908728e+23
19920516,-2.1336836330398245e+23,-2.2127781795579124e+23,-1.9882577803788137e+23
19920616,-2.141722231113108e+23,-2.215572783222686e+23,-1.9982424108726815e+23
19920716,-2.150316041955653e+23,-2.2203659042581013e+23,-2.009626024542797e+23
19920816,-2.1580613325948048e+23,-2.2243206201748868e+23,-2.01985509541244e+23
19920916,-2.1606134504460415e+23,-2.2237303784077236e+23,-2.0242896248335254e+23
19921016,-2.162894523657305e+23,-2.2232058441591238e+23,-2.029891202050049e+23
19921116,-2.162455431700835e+23,-2.2199539600001857e+23,-2.0338544597941274e+23
19930016,-2.1626851032722324e+23,-2.2171025809561098e+23,-2.0354672288446862e+23
19930116,-2.1631381533851466e+23,-2.213306827094172e+23,-2.0371236227636357e+23
19930216,-2.1606217400717555e+23,-2.208303913376115e+23,-2.0348974334198313e+23
19930316,-2.1561623838071245e+23,-2.2016216373810088e+23,-2.0331880021092703e+23
19930416,-2.1529444507845774e+23,-2.1960471568222436e+23,-2.0315772746905427e+23
19930516,-2.146735262918328e+23,-2.188873808323769e+23,-2.026634228823532e+23
19930616,-2.1410262418242945e+23,-2.1824291872809993e+23,-2.0238071391934464e+23
19930716,-2.128763711655701e+23,-2.1696827243156466e+23,-2.0139581120843587e+23
19930816,-2.1177790778813734e+23,-2.15888831658478e+23,-2.0069940158365706e+23
19930916,-2.1084498802604748e+23,-2.1495575186848134e+23,-2.002599613488165e+23
19931016,-2.0993355163514004e+23,-2.1392510609615734e+23,-1.9967560278396656e+23
19931116,-2.0884264830028184e+23,-2.1273184584968814e+23,-1.9871559447059798e+23
19940016,-2.0778697422338867e+23,-2.116094197193581e+23,-1.9789509566408638e+23
19940116,-2.0676017962922606e+23,-2.106200479364191e+23,-1.9698732610399556e+23
19940216,-2.0552387728015814e+23,-2.0948853204084115e+23,-1.9564558067661206e+23
19940316,-2.0471004920541458e+23,-2.089834803642293e+23,-1.947491001395872e+23
19940416,-2.0351868197198876e+23,-2.081202018648573e+23,-1.938373989370217e+23
19940516,-2.0242324591422552e+23,-2.0719738577841142e+23,-1.932624108617964e+23
19940616,-2.0136253290982934e+23,-2.0624262265740887e+23,-1.926100029065769e+23
19940716,-2.0048499391235725e+23,-2.0538664899663247e+23,-1.921197380487416e+23
19940816,-1.9931885073996435e+23,-2.041410809416912e+23,-1.912141076984738e+23
19940916,-1.9833129991247466e+23,-2.0316906302931636e+23,-1.9055722166402478e+23
19941016,-1.973356335984565e+23,-2.0219900568397927e+23,-1.898538840018192e+23
19941116,-1.9652425127855054e+23,-2.0141490647085593e+23,-1.8946359905571152e+23
19950016,-1.9546071181502818e+23,-2.005198730905113e+23,-1.888471253219188e+23
19950116,-1.9409994468401856e+23,-1.993467229175782e+23,-1.8757551895513197e+23
19950216,-1.933541921205224e+23,-1.987634452166388e+23,-1.8706912670703106e+23
19950316,-1.9285519448276967e+23,-1.9825518847829215e+23,-1.8677513022215643e+23
19950416,-1.9290795265120443e+23,-1.9827348660357816e+23,-1.8703410671632863e+23
19950516,-1.930662688898653e+23,-1.9852595689748866e+23,-1.871831938783931e+23
19950616,-1.928426489554077e+23,-1.984914803411413e+23,-1.8692429544661446e+23
19950716,-1.92742645925202e+23,-1.9879700153746233e+23,-1.8680680704073547e+23
19950816,-1.9283978376532475e+23,-1.9942151719898968e+23,-1.8680150029917457e+23
19950916,-1.9270221140678753e+23,-1.99614031071061e+23,-1.864881968826974e+23
19951016,-1.9235236338101408e+23,-1.9972658653414813e+23,-1.8611719334779436e+23
19951116,-1.921239122851162e+23,-1.9999436005959244e+23,-1.8591164005360192e+23
19960016,-1.9193543694095074e+23,-2.0018413574309035e+23,-1.8574873434668082e+23
19960116,-1.916923689621023e+23,-2.0025737027783088e+23,-1.8577972962051624e+23
19960216,-1.9145139275516074e+23,-2.0021066945089493e+23,-1.8569303532768935e+23
19960316,-1.9068617113047545e+23,-1.9951979625125805e+23,-1.8504453949934614e+23
19960416,-1.896658431048978e+23,-1.9851415746646495e+23,-1.8397626915453524e+23
19960516,-1.885540439684885e+23,-1.9744775311309967e+23,-1.8284005900694567e+23
19960616,-1.877554888010412e+23,-1.9678706604056516e+23,-1.8207588071617408e+23
19960716,-1.8666534417260018e+23,-1.957632086940795e+23,-1.8087980722113766e+23
19960816,-1.8540940102507735e+23,-1.94556077360758e+23,-1.796713142995288e+23
19960916,-1.8399366085533624e+23,-1.9331764150642663e+23,-1.7844260021559304e+23
19961016,-1.826951037474193e+23,-1.9209139689628657e+23,-1.770258608472146e+23
19961116,-1.814206054691918e+23,-1.9063077145073926e+23,-1.7558544605559505e+23
19970016,-1.806487764633732e+23,-1.8953485050541615e+23,-1.7465066540613915e+23
19970116,-1.8006406391559253e+23,-1.886726213447573e+23,-1.7383185544948778e+23
19970216,-1.7914122080754894e+23,-1.8746287792365192e+23,-1.726343077761733e+23
19970316,-1.7798710104520122e+23,-1.8605962083135794e+23,-1.7126245878768062e+23
19970416,-1.7671419493956192e+23,-1.847810774199451e+23,-1.6963654072740967e+23
19970516,-1.753417094423219e+23,-1.8349799588130774e+23,-1.678192632177719e+23
19970616,-1.735844171775609e+23,-1.815111863684971e+23,-1.659085525290648e+23
19970716,-1.723551227297532e+23,-1.7992488046934864e+23,-1.649339195265063e+23
19970816,-1.7149441938864812e+23,-1.7867490639277196e+23,-1.6414022614497678e+23
19970916,-1.708645795716413e+23,-1.7783342981919603e+23,-1.6321806608287666e+23
19971016,-1.7060230914470166e+23,-1.7729766959792504e+23,-1.627396967328571e+23
19971116,-1.7023209704237314e+23,-1.767844273747909e+23,-1.6222953046826846e+23
19980016,-1.69818346841007e+23,-1.762839978925966e+23,-1.6183364304422435e+23
19980116,-1.6958880677471922e+23,-1.7604392750966014e+23,-1.617708808798173e+23
19980216,-1.6969559192572376e+23,-1.7617734965102073e+23,-1.6229380283975055e+23
19980316,-1.7021040650560783e+23,-1.767369219047215e+23,-1.6323541094624155e+23
19980416,-1.7091252068991463e+23,-1.7723548839786994e+23,-1.6448704534988084e+23
19980516,-1.717621208564984e+23,-1.7768294203764744e+23,-1.659462176339484e+23
19980616,-1.728288854978339e+23,-1.785793129870814e+23,-1.673457772709483e+23
19980716,-1.7362024181139675e+23,-1.79395521364348e+23,-1.6807009870501767e+23
19980816,-1.7410027058775904e+23,-1.8001068605184904e+23,-1.6865402342310353e+23
19980916,-1.743236698458349e+23,-1.802008310305164e+23,-1.690727470996582e+23
19981016,-1.744137778671793e+23,-1.8043292403731294e+23,-1.692819663239473e+23
19981116,-1.7447757826142046e+23,-1.8069561750237757e+23,-1.694676617461828e+23
19990016,-1.740186530526721e+23,-1.8037247522191448e+23,-1.6912961855575262e+23
19990116,-1.7360771700059307e+23,-1.7983713233420895e+23,-1.6885019421807228e+23
19990216,-1.72983004381642e+23,-1.790565549359942e+23,-1.6825843473783467e+23
19990316,-1.721897718684744e+23,-1.7834658797513713e+23,-1.673472529504262e+23
19990416,-1.710580947440298e+23,-1.7740650058412034e+23,-1.6593485805448828e+23
19990516,-1.6971491897340464e+23,-1.763204905603772e+23,-1.64397776499267e+23
19990616,-1.683706722467881e+23,-1.7534354120641036e+23,-1.6272040481325334e+23
19990716,-1.668129053582383e+23,-1.74062369194015e+23,-1.6107023336778915e+23
19990816,-1.652439711939325e+23,-1.725604397350852e+23,-1.5948572965909157e+23
19990916,-1.6362774533041963e+23,-1.7088676250196586e+23,-1.5788888984041467e+23
19991016,-1.6207147558850598e+23,-1.690428822293292e+23,-1.565712641914355e+23
19991116,-1.6062432521328375e+23,-1.672582408049911e+23,-1.553215685874358e+23
20000016,-1.5934445173878096e+23,-1.6583924363199947e+23,-1.5401659204861005e+23
20000116,-1.5804821848827174e+23,-1.6450812369733682e+23,-1.5257004185309812e+23
20000216,-1.5680683923134394e+23,-1.6330895322695662e+23,-1.5101522587314419e+23
20000316,-1.5536975500176883e+23,-1.6162788858924852e+23,-1.496692635753096e+23
20000416,-1.5419916527534383e+23,-1.6018414563750437e+23,-1.4876164713760613e+23
20000516,-1.5295398002637093e+23,-1.5882565432550643e+23,-1.4760787670446952e+23
20000616,-1.5147196098139372e+23,-1.5720172835747066e+23,-1.4631182780130509e+23
20000716,-1.5027798556330372e+23,-1.5585338815903284e+23,-1.4523954474922618e+23
20000816,-1.4906680639463712e+23,-1.5445579959746984e+23,-1.4421405559847554e+23
20000916,-1.4786646904159349e+23,-1.5309064445922327e+23,-1.431953743891616e+23
20001016,-1.4632517121640104e+23,-1.515473299221177e+23,-1.417045605647121e+23
20001116,-1.446791783607911e+23,-1.5010327697259917e+23,-1.4001997486269533e+23
20010016,-1.429918119862444e+23,-1.4852039080676776e+23,-1.3844824936734048e+23
20010116,-1.4104163550340274e+23,-1.465776227453131e+23,-1.3674541357843374e+23
20010216,-1.3919427424849409e+23,-1.447112027071414e+23,-1.3523261017820366e+23
20010316,-1.3751863209485736e+23,-1.4322930225695439e+23,-1.3344794548526748e+23
20010416,-1.355498959777113e+23,-1.4153630007783402e+23,-1.3120079338639767e+23
20010516,-1.3365351153965888e+23,-1.3964994035231212e+23,-1.2919703907998905e+23
20010616,-1.3185661026629515e+23,-1.377140004984925e+23,-1.2737499601134558e+23
20010716,-1.3004257369706922e+23,-1.3568548840373236e+23,-1.2559609517533248e+23
20010816,-1.2845359476142193e+23,-1.3393893992624242e+23,-1.238760556358492e+23
20010916,-1.2673956077204172e+23,-1.3217903152045789e+23,-1.2195414824786853e+23
20011016,-1.2505348002506867e+23,-1.3051666582840265e+23,-1.1989658643431196e+23
20011116,-1.2340426724584516e+23,-1.2869520897831066e+23,-1.1797188080976282e+23
20020016,-1.2175183094012835e+23,-1.2691749033719976e+23,-1.1598123498066959e+23
20020116,-1.203710808872121e+23,-1.2543988331865751e+23,-1.1432285122128487e+23
20020216,-1.1876308009781869e+23,-1.2374006794390087e+23,-1.1259114060336725e+23
20020316,-1.1716572882034414e+23,-1.218783331505415e+23,-1.1112489841848468e+23
20020416,-1.1528299239084244e+23,-1.196297886887869e+23,-1.0942277645011889e+23
20020516,-1.1370267702979832e+23,-1.1788454250218922e+23,-1.0795593153348618e+23
20020616,-1.1220685460208324e+23,-1.1626761437737445e+23,-1.0662829062953568e+23
20020716,-1.1067355607054892e+23,-1.1469921704214422e+23,-1.0525631929325309e+23
20020816,-1.0889613691881323e+23,-1.1290603078811312e+23,-1.0361800357380795e+23
20020916,-1.0707967501106798e+23,-1.1107984741021221e+23,-1.0204015543475968e+23
20021016,-1.05132656602405e+23,-1.0912910722681718e+23,-1.0058227343198539e+23
20021116,-1.0311414189833765e+23,-1.0714794372673938e+23,-9.894781879862076e+22
20030016,-1.0076266796733947e+23,-1.047816826767247e+23,-9.688060276866299e+22
20030116,-9.815391705054848e+22,-1.02149058478549e+23,-9.440146049518814e+22
20030216,-9.564892051233283e+22,-9.973287427606499e+22,-9.17454250849495e+22
20030316,-9.31377854177051e+22,-9.729272266696404e+22,-8.902078258858742e+22
20030416,-9.06923915435779e+22,-9.498172829037656e+22,-8.6512145490553e+22
20030516,-8.786371034138402e+22,-9.22060089694406e+22,-8.364781521984873e+22
20030616,-8.531737736386853e+22,-8.96114799699129e+22,-8.106079372089986e+22
20030716,-8.279295710070001e+22,-8.70746469605114e+22,-7.839670024502793e+22
20030816,-8.002372896802697e+22,-8.438312280990912e+22,-7.5523827021130536e+22
20030916,-7.748562376679073e+22,-8.19552802891897e+22,-7.27843267742978e+22
20031016,-7.493329409625144e+22,-7.937747127857858e+22,-7.000220333469173e+22
20031116,-7.224960568358081e+22,-7.676093018527216e+22,-6.7029874117823345e+22
20040016,-6.991069506916315e+22,-7.457031852792418e+22,-6.4588345533136326e+22
20040116,-6.748995570083602e+22,-7.2381628406417215e+22,-6.20392878778463e+22
20040216,-6.500030450281068e+22,-7.0157923548407374e+22,-5.943816410726425e+22
20040316,-6.259035598437073e+22,-6.810357955678456e+22,-5.697007892147453e+22
20040416,-6.047473338911812e+22,-6.607467639945676e+22,-5.477516369938264e+22
20040516,-5.848074881644114e+22,-6.408697967751953e+22,-5.275239406944734e+22
20040616,-5.609644634631921e+22,-6.17372310755386e+22,-5.029066608983163e+22
20040716,-5.372339814648611e+22,-5.932734665833333e+22,-4.797679522663216e+22
20040816,-5.1656850713423005e+22,-5.716482620366107e+22,-4.612730872305936e+22
20040916,-4.939374461287325e+22,-5.472822868526605e+22,-4.413921568435492e+22
20041016,-4.767198608694219e+22,-5.291474133001467e+22,-4.253205886953167e+22
20041116,-4.5806404994321055e+22,-5.091835303609658e+22,-4.085308840565031e+22
20050016,-4.38486927132829e+22,-4.880446057370082e+22,-3.912500037068295e+22
20050116,-4.208923684420093e+22,-4.6632662703796184e+22,-3.778904694772024e+22
20050216,-4.051098491991608e+22,-4.459019883269041e+22,-3.66596567511664e+22
20050316,-3.904862378707238e+22,-4.282568737278674e+22,-3.540889548290485e+22
20050416,-3.7517524213116132e+22,-4.127135928279242e+22,-3.3987569573605883e+22
20050516,-3.6101630132857726e+22,-3.969103716634886e+22,-3.2811822512537634e+22
20050616,-3.480403645749111e+22,-3.8331920604602665e+22,-3.173353559920549e+22
20050716,-3.307535848850257e+22,-3.6641253917189057e+22,-3.0048913023966787e+22
20050816,-3.1327370472921747e+22,-3.512459581097791e+22,-2.8074509426929676e+22
20050916,-2.9723291024018876e+22,-3.3672648801912546e+22,-2.6311421104508258e+22
20051016,-2.7680078157382563e+22,-3.1666214009300706e+22,-2.4305651859478846e+22
20051116,-2.592614246295385e+22,-2.990547722265972e+22,-2.260264061783663e+22
20060016,-2.446150751895329e+22,-2.837436190486977e+22,-2.1043682358300416e+22
20060116,-2.319786903321721e+22,-2.7201682733397677e+22,-1.9633574352723275e+22
20060216,-2.1855371035570994e+22,-2.587905715058221e+22,-1.826842981670084e+22
20060316,-2.0187875856130163e+22,-2.3993542506765393e+22,-1.67802003078375e+22
20060416,-1.8551769358717222e+22,-2.210648340975136e+22,-1.5323801302890495e+22
20060516,-1.6576249150447494e+22,-2.00699619445289e+22,-1.3295866982432533e+22
20060616,-1.4840743743188854e+22,-1.8175783407103938e+22,-1.1564780676013256e+22
20060716,-1.378253562214039e+22,-1.7052457307448357e+22,-1.0483618495794017e+22
20060816,-1.2654485415360683e+22,-1.5972144806358814e+22,-9.228704345726079e+21
20060916,-1.1673567967909656e+22,-1.5044847544458732e+22,-8.119948329114963e+21
20061016,-1.0945725216204133e+22,-1.4505856365755063e+22,-7.132205113478703e+21
20061116,-1.02291407317321e+22,-1.412732074812524e+22,-6.132873666876258e+21
20070016,-9.302130170860797e+21,-1.3636533566558154e+22,-4.825845926070217e+21
20070116,-8.354036547827665e+21,-1.3206755054118188e+22,-3.3662520863125537e+21
20070216,-7.419370332023546e+21,-1.2740872872315452e+22,-1.966082094281888e+21
20070316,-6.673695418090965e+21,-1.2391075286857833e+22,-8.491801449322697e+20
20070416,-5.97176377030655e+21,-1.1835356425588218e+22,-4.8811021380107985e+19
20070516,-5.255490869251236e+21,-1.1194419607744568e+22,6.028661778873787e+20
20070616,-4.257265459804776e+21,-1.0207034756666157e+22,1.521896332071483e+21
20070716,-3.235682074595965e+21,-9.196104007748443e+21,2.4268271231971733e+21
20070816,-2.213675407317176e+21,-8.129032699425819e+21,3.4160014045275263e+21
20070916,-9.693086031340465e+20,-6.938549391251849e+21,4.6376392075487614e+21
20071016,2.8160240981511225e+20,-5.426827887007248e+21,5.491694522533908e+21
20071116,1.508685815385776e+21,-3.7134138462632605e+21,6.295416341446166e+21
20080016,2.506390327240335e+21,-2.409176836026315e+21,7.020403932960424e+21
20080116,3.8003392253547727e+21,-8.594819179736472e+20,7.993727420102278e+21
20080216,5.371480692971695e+21,1.0862848371453896e+21,9.129663199958279e+21
20080316,6.961749440787269e+21,2.913659510972731e+21,1.038958708857421e+22
20080416,8.630356812303575e+21,4.66819540387678e+21,1.2042860482106755e+22
20080516,1.0026503809155855e+22,6.060675194612486e+21,1.3520228481481279e+22
20080616,1.1405365427688333e+22,7.197410386858594e+21,1.506562171128987e+22
20080716,1.3335171866705432e+22,9.027093577707428e+21,1.7191062341380125e+22
20080816,1.5075489670405892e+22,1.1051092924903471e+22,1.8877807988543163e+22
20080916,1.6721915622179998e+22,1.2992058608257251e+22,2.039888337538882e+22
20081016,1.8473619069923404e+22,1.4589682991519217e+22,2.2273610866023173e+22
20081116,2.03529193936469e+22,1.6390572136675481e+22,2.4359827019858876e+22
20090016,2.247242513323571e+22,1.8462545844339607e+22,2.630446848493352e+22
20090116,2.4301848869833506e+22,2.034374416321356e+22,2.7908447071969737e+22
20090216,2.588425218410737e+22,2.1865251098111014e+22,2.9549193796963743e+22
20090316,2.7465504275108987e+22,2.3321373882280873e+22,3.123029943619344e+22
20090416,2.91312701661179e+22,2.4772542425385648e+22,3.29168115529508e+22
20090516,3.080061108957101e+22,2.6369823596826012e+22,3.469534384439438e+22
20090616,3.2214902770316998e+22,2.7807323902711704e+22,3.6332423888691767e+22
20090716,3.3143327339498797e+22,2.8657980125878092e+22,3.751969134525682e+22
20090816,3.414647349448811e+22,2.9400390455500785e+22,3.8571036412068135e+22
20090916,3.4859725943863343e+22,3.0046593388683714e+22,3.932654583650701e+22
20091016,3.5695056004667828e+22,3.0966809021644733e+22,4.027999334346841e+22
20091116,3.6401833328618806e+22,3.157100913290299e+22,4.086873278485589e+22
20100016,3.681363174496645e+22,3.2200267460137925e+22,4.127218513037409e+22
20100116,3.7325319663279204e+22,3.281909319883605e+22,4.184132753328303e+22
20100216,3.784665447964376e+22,3.3413907996120856e+22,4.222347916611367e+22
20100316,3.836798216530892e+22,3.408280231602629e+22,4.2646725207294134e+22
20100416,3.866183926377507e+22,3.4437665512814778e+22,4.293845544330627e+22
20100516,3.881904093658815e+22,3.453412661203355e+22,4.312895995934385e+22
20100616,3.913558364215729e+22,3.4878750312119258e+22,4.344883581652721e+22
20100716,3.9781956586226156e+22,3.565139780964012e+22,4.381696155126834e+22
20100816,4.063891691062095e+22,3.66104776308855e+22,4.450961930225759e+22
20100916,4.147422148855753e+22,3.7253842733353232e+22,4.521540917446027e+22
20101016,4.208741465026169e+22,3.771572815813666e+22,4.5871339695188335e+22
20101116,4.250733072987769e+22,3.802965494786224e+22,4.643126398025999e+22
20110016,4.265048999140264e+22,3.799324578432475e+22,4.668265003256022e+22
20110116,4.284946611610928e+22,3.805441442506363e+22,4.711742416288685e+22
20110216,4.32240363517972e+22,3.807269303475126e+22,4.803913836862387e+22
20110316,4.388742149333847e+22,3.842032194933831e+22,4.927445960851293e+22
20110416,4.485909728226166e+22,3.938556269487393e+22,5.057280647338723e+22
20110516,4.5937937725517986e+22,4.043852586750137e+22,5.185755546978662e+22
20110616,4.68661459342677e+22,4.125088085233681e+22,5.296752764594711e+22
20110716,4.778911191552115e+22,4.223202493405659e+22,5.394262076626754e+22
20110816,4.871880514871799e+22,4.332472655624605e+22,5.4765106410814775e+22
20110916,4.96943107987643e+22,4.4497370074221094e+22,5.5699047514240144e+22
20111016,5.084494049658077e+22,4.594940715527901e+22,5.652725122911426e+22
20111116,5.237748992937706e+22,4.7667721816105015e+22,5.784268550157474e+22
20120016,5.433115508814007e+22,4.987066564278262e+22,5.957776706381345e+22
20120116,5.614827891244057e+22,5.19603749010793e+22,6.098138894767725e+22
20120216,5.788631592440474e+22,5.390988935477576e+22,6.226597956748975e+22
20120316,5.919354081028447e+22,5.5280213874794595e+22,6.317526984305474e+22
20120416,6.040848348703967e+22,5.638674830323953e+22,6.403152310230802e+22
20120516,6.1564979798910725e+22,5.7309743783070535e+22,6.488751702928277e+22
20120616,6.320586692362312e+22,5.872473237709386e+22,6.631305267833342e+22
20120716,6.457584151395092e+22,5.978917128452178e+22,6.771545333609827e+22
20120816,6.546845743707555e+22,6.040436862312013e+22,6.8970266905774526e+22
20120916,6.6192779096324905e+22,6.082172095358824e+22,7.0056944212862445e+22
20121016,6.682513627540343e+22,6.106207356210138e+22,7.102697979080134e+22
20121116,6.7456683932448924e+22,6.1521660274575004e+22,7.2004583292614065e+22
20130016,6.788229256199393e+22,6.155759186890201e+22,7.299645307214639e+22
20130116,6.827878812210774e+22,6.151463653565615e+22,7.40533082931018e+22
20130216,6.883903539033267e+22,6.199973463881896e+22,7.499368166269495e+22
20130316,6.964816343344513e+22,6.274700491538953e+22,7.607180738469044e+22
20130416,7.0221955727909345e+22,6.306970809488895e+22,7.719826648848678e+22
20130516,7.085327835509348e+22,6.3580464331028796e+22,7.833023386992738e+22
20130616,7.115212431604685e+22,6.378531543897933e+22,7.899865512422197e+22
20130716,7.13869242864594e+22,6.386410366266037e+22,7.964158900702538e+22
20130816,7.194848705613549e+22,6.4184860161220855e+22,8.048942991747471e+22
20130916,7.2729920438519405e+22,6.486432499240168e+22,8.143744739683538e+22
20131016,7.353897724969774e+22,6.559908727160718e+22,8.242855081383112e+22
20131116,7.420745322272779e+22,6.62460214767796e+22,8.298875807507937e+22
20140016,7.495894427286914e+22,6.7335930867200096e+22,8.32623630114412e+22
20140116,7.563366816472223e+22,6.8320684208721244e+22,8.344600929584624e+22
20140216,7.623577436486374e+22,6.894026392505698e+22,8.388678409737636e+22
20140316,7.681566363250348e+22,6.963768198085236e+22,8.426849343919358e+22
20140416,7.77162468737289e+22,7.095723291867222e+22,8.464935835608068e+22
20140516,7.87915331512193e+22,7.242101351105848e+22,8.515892714311877e+22
20140616,7.9839356553242e+22,7.381091405275759e+22,8.57218891061391e+22
20140716,8.130528378639064e+22,7.563865342432976e+22,8.660808942641455e+22
20140816,8.282632607177904e+22,7.757835228263835e+22,8.75655922371904e+22
20140916,8.408432180989203e+22,7.913726578765327e+22,8.8422953757252e+22
20141016,8.533758171275683e+22,8.06031086533689e+22,8.937434518333353e+22
20141116,8.62687904072283e+22,8.171878689025726e+22,9.00740619514387e+22
20150016,8.7217677681797e+22,8.273489879598378e+22,9.095959273656955e+22
20150116,8.858612367535127e+22,8.418236697521973e+22,9.224515275620184e+22
20150216,8.974607552415643e+22,8.55978588465014e+22,9.313959616499525e+22
20150316,9.084437789790249e+22,8.6643967352846e+22,9.404759465806713e+22
20150416,9.152102227475667e+22,8.718853211138851e+22,9.4650663427569e+22
20150516,9.194135073397854e+22,8.766769034194278e+22,9.503287642194455e+22
20150616,9.211665860367349e+22,8.799857731256506e+22,9.515721029925712e+22
20150716,9.2010054047014e+22,8.793794309898196e+22,9.510894297025078e+22
20150816,9.147085712886734e+22,8.737086709770205e+22,9.463105775719117e+22
20150916,9.115405066248004e+22,8.718204392552534e+22,9.424519834831732e+22
20151016,9.09581575894883e+22,8.708572318849495e+22,9.407944561583176e+22
20151116,9.14148452598218e+22,8.7372922240332e+22,9.477234093170135e+22
20160016,9.207682081220969e+22,8.760072331668365e+22,9.584991721454229e+22
20160116,9.261950411694786e+22,8.787157880547297e+22,9.678476016379303e+22
20160216,9.321280517933792e+22,8.815520199920588e+22,9.77554885454746e+22
20160316,9.368502726598607e+22,8.865011532245656e+22,9.848454176155248e+22
20160416,9.426871644581144e+22,8.929697709473499e+22,9.92183320138384e+22
20160516,9.483133223214039e+22,8.969687047064767e+22,9.989744031004873e+22
20160616,9.607908858614058e+22,9.068114793180818e+22,1.0117333110128104e+23
20160716,9.742154272998542e+22,9.171054020223588e+22,1.0257829806023357e+23
20160816,9.909654417151517e+22,9.303821037958396e+22,1.0435236052904698e+23
20160916,1.009460591978856e+23,9.449314627760201e+22,1.0632559319018097e+23
20161016,1.025116420835887e+23,9.577305352910201e+22,1.078232765052621e+23
20161116,1.0368665179280798e+23,9.697020413504934e+22,1.0877288450589119e+23
20170016,1.0480687866531998e+23,9.82507621566955e+22,1.0951412896616034e+23
20170116,1.0596577314399262e+23,9.944580808041695e+22,1.103502762801772e+23
20170216,1.0712407524919428e+23,1.00525522071881e+23,1.1112939150971291e+23
20170316,1.0831041556471605e+23,1.015243769344354e+23,1.1205654906619956e+23
20170416,1.0962761307149061e+23,1.0258291950405118e+23,1.1326592469333537e+23
20170516,1.1118237425764909e+23,1.0400989705558253e+23,1.1477782962543979e+23
20170616,1.1225815450495865e+23,1.049476283133943e+23,1.1586913888474447e+23
20170716,1.1343404361706516e+23,1.0631097675759034e+23,1.1702457940274288e+23
20170816,1.1427528600346044e+23,1.0756513542882079e+23,1.1777165302212974e+23
20170916,1.152342559368749e+23,1.0872536177202323e+23,1.1867404903726515e+23
20171016,1.1638907255620494e+23,1.0997363649034052e+23,1.1996212731968909e+23
20171116,1.1760901723094628e+23,1.111283196530016e+23,1.213833522732964e+23
20180016,1.1889005338475288e+23,1.1251531574824103e+23,1.2280514092745708e+23
20180116,1.2041189190655538e+23,1.1415044667214969e+23,1.2444377790367565e+23
20180216,1.222283542646606e+23,1.1622318336465068e+23,1.2653217211088114e+23
20180316,1.241339018766349e+23,1.1852186414925699e+23,1.2867165214985977e+23
20180416,1.2607881470235209e+23,1.209204550397967e+23,1.306460047061011e+23
20180516,1.2791621849848462e+23,1.2297039150858418e+23,1.3257405125097381e+23
20180616,1.2986913332001974e+23,1.2517932455981625e+23,1.3462793587543463e+23
20180716,1.3159821863959458e+23,1.2684284242277615e+23,1.3639030249601577e+23
20180816,1.3361910974306529e+23,1.2866277555499422e+23,1.384132263742383e+23
20180916,1.354082555176307e+23,1.3054496494726117e+23,1.4021427666381874e+23
20181016,1.3704222481307548e+23,1.3237611279315132e+23,1.418394486277514e+23
20181116,1.3876778516522198e+23,1.3422291740314602e+23,1.4355824742553734e+23
20190016,1.4074310164190356e+23,1.3616008673966391e+23,1.4552422478767165e+23
20190116,1.4276141158230785e+23,1.380765635370939e+23,1.4756647361189522e+23
20190216,1.4459997610618431e+23,1.3973283660945326e+23,1.4932553759274962e+23
20190316,1.4634383503397679e+23,1.412810052763572e+23,1.5100094871172548e+23
20190416,1.4789473798633448e+23,1.4270409246841044e+23,1.526331733126746e+23
20190516,1.4944104771743225e+23,1.4425034635487283e+23,1.5424238001592826e+23
20190616,1.509741755625407e+23,1.4590387298205941e+23,1.557474379753992e+23
20190716,1.5267671756663173e+23,1.4777587523196925e+23,1.57370952614669e+23
20190816,1.5431815067773898e+23,1.4966245563387289e+23,1.589734279376796e+23
20190916,1.5619298554169446e+23,1.5144884445486643e+23,1.6081528008928407e+23
20191016,1.582618260200378e+23,1.5347767855699994e+23,1.627714891438266e+23
20191116,1.604230396802182e+23,1.5575932147361595e+23,1.6479144665109456e+23
20200016,1.6216963124214456e+23,1.5753845049201016e+23,1.6647754481198617e+23
20200116,1.6352053759165004e+23,1.5903755769517346e+23,1.6767376392341055e+23
20200216,1.645589561265709e+23,1.6026308998597248e+23,1.6854247526513308e+23
20200316,1.6520389951552804e+23,1.6115321068972356e+23,1.6905800831927766e+23
20200416,1.65823029172141e+23,1.618361185228195e+23,1.6953147174810312e+23
20200516,1.6618281183845248e+23,1.6219239228454128e+23,1.6970362934985876e+23
20200616,1.665241780849277e+23,1.6223553226537186e+23,1.6994044212906478e+23
20200716,1.667134883964641e+23,1.6228266393667218e+23,1.7010412545752156e+23
20200816,1.6683905325767483e+23,1.6216764500458888e+23,1.7021218632818054e+23
20200916,1.670492353515643e+23,1.62425764313632e+23,1.7042723020798774e+23
20201016,1.6699504623940793e+23,1.6238515385459214e+23,1.7044736880432146e+23
20201116,1.6679349964768396e+23,1.6220113977621752e+23,1.702948468969412e+23
20210016,1.670144048122862e+23,1.625126177336457e+23,1.7038070502143727e+23
20210116,1.6743174228087554e+23,1.6294657558653988e+23,1.7102193354118176e+23
20210216,1.6829378229035e+23,1.6393400181443986e+23,1.7187569143094153e+23
20210316,1.6931696079425184e+23,1.6501436732665003e+23,1.7283890630724476e+23
20210416,1.7038555900111563e+23,1.661552522106528e+23,1.7396106522399692e+23
20210516,1.7188561256068063e+23,1.67631554686503e+23,1.7541152754638514e+23
20210616,1.732539982810599e+23,1.6898647164159665e+23,1.7678847310845614e+23
20210716,1.7499440204721825e+23,1.7045980174169277e+23,1.787596055909639e+23
20210816,1.7697859166600564e+23,1.7211714892256325e+23,1.8102685425257093e+23
20210916,1.789128705922827e+23,1.7369260715140926e+23,1.8315279947346942e+23
20211016,1.809059112855378e+23,1.754544933880301e+23,1.8514529703260945e+23
20211116,1.8305384488125695e+23,1.7735805986652834e+23,1.8726118571554002e+23
20220016,1.8502812207726453e+23,1.7907869463176237e+23,1.8936202937331544e+23
20220116,1.8674061283317242e+23,1.8050444420179532e+23,1.909036835833584e+23
20220216,1.8865009493990114e+23,1.8225018653495194e+23,1.9280314728259605e+23
20220316,1.9112108825009024e+23,1.8464833231972848e+23,1.9527872495696586e+23
20220416,1.9371628123032302e+23,1.8709762698667292e+23,1.9779265828816206e+23
20220516,1.962375509253122e+23,1.8974926388127552e+23,2.0033254436281095e+23
20220616,1.989465720858868e+23,1.927931372818243e+23,2.02959411459463e+23
20220716,2.0138663827671483e+23,1.955335671466801e+23,2.0536006725043185e+23
20220816,2.037355453060454e+23,1.9809661523421255e+23,2.0764718429239493e+23
20220916,2.059546940224322e+23,2.0051559166846557e+23,2.0976040083954662e+23
20221016,2.0831271783860844e+23,2.0285993595089365e+23,2.1227608156739825e+23
20221116,2.1021222477240253e+23,2.0445209652955768e+23,2.145009198313143e+23
20230016,2.1240531596158536e+23,2.064765471280539e+23,2.169752890397841e+23
20230116,2.1474442465932665e+23,2.090715752765403e+23,2.1931511621178593e+23
20230216,2.1687229652014575e+23,2.1127169027970196e+23,2.2146384964679892e+23
20230316,2.1881216081068066e+23,2.1330834413198847e+23,2.2334739762495345e+23
20230416,2.2080265486846645e+23,2.1549122085697644e+23,2.25234692597998e+23
20230516,2.2248435451372194e+23,2.172617720192804e+23,2.2687432862273387e+23
20230616,2.237546398246181e+23,2.1872007961221946e+23,2.280292542291749e+23
20230716,2.2510592087361262e+23,2.2035597764926466e+23,2.2913859289898782e+23
20230816,2.2630038478214223e+23,2.218871775033726e+23,2.3017609465114453e+23
20230916,2.2720430376455165e+23,2.2305969867355777e+23,2.310453839548192e+23
20231016,2.280920572262186e+23,2.2429915684500454e+23,2.317884178453403e+23
20231116,2.2942648520492753e+23,2.2606005979570677e+23,2.3291482665894082e+23
20240016,2.3036517648005984e+23,2.2742215098500684e+23,2.3365022244449392e+23
20240116,2.3125238860905153e+23,2.2840934752932586e+23,2.3449935513743635e+23
20240216,2.3149073681549053e+23,2.2856057240001344e+23,2.346691408433882e+23
20240316,2.3141344874084542e+23,2.2828945570244574e+23,2.349079036812329e+23
20240416,2.310886992757953e+23,2.2772593229067186e+23,2.3502264789373892e+23
20240516,2.3076962854963532e+23,2.271654728278445e+23,2.3487920224080766e+23
